event,model_a,model_b,parameter,finite_n_a,finite_n_b,raw_W1,scale,full_norm_W1,independent_W1_abs_diff,balanced_seed,balanced_n_each,balanced_q05,balanced_median,balanced_q95
GW240414_054515,IMRPhenomXPHM-SpinTaylor,IMRPhenomXPNR,chirp_mass_source,14167,13285,0.327741805182075,2.4314722979970256,0.13479150284873034,5.551115123125783e-17,724558189,4000,0.10967043419066844,0.1365119327781631,0.16097294824500827
GW240414_054515,IMRPhenomXPHM-SpinTaylor,IMRPhenomXPNR,chi_eff,14167,13285,0.04365151016880547,0.16264368910254223,0.2683873589542379,6.938893903907228e-18,689117360,4000,0.23672496479799246,0.2712031298382641,0.29538913340197187
GW240414_054515,IMRPhenomXPHM-SpinTaylor,IMRPhenomXPNR,luminosity_distance,14167,13285,20.56728209734947,524.9512456272906,0.03917941383827481,3.552713678800501e-15,965564031,4000,0.019968897926632978,0.039119833599246215,0.058063470589837574
GW240414_054515,IMRPhenomXPHM-SpinTaylor,IMRPhenomXPNR,final_mass_source,14167,13285,0.32430674439452023,5.437821189577988,0.05963909681621742,0.0,895821982,4000,0.03992621702045117,0.06037832581501858,0.0799169340123635
GW240414_054515,IMRPhenomXPHM-SpinTaylor,IMRPhenomXPNR,final_spin,14167,13285,0.022018394027634607,0.08093761677474626,0.27204154143694376,3.469446951953614e-18,741618991,4000,0.24683577066242698,0.2765551830444673,0.30307762559000195
GW240414_054515,IMRPhenomXPHM-SpinTaylor,NRSur7dq4,chirp_mass_source,14167,15153,0.15125822153227794,2.4331904603099197,0.06216456294712413,0.0,87079737,4000,0.048322441312657775,0.06561671586099581,0.08412020894765111
GW240414_054515,IMRPhenomXPHM-SpinTaylor,NRSur7dq4,chi_eff,14167,15153,0.022719928084093052,0.1592337755301231,0.1426828448201619,0.0,632286533,4000,0.1178549683012343,0.1382479024931561,0.16346868147657018
GW240414_054515,IMRPhenomXPHM-SpinTaylor,NRSur7dq4,luminosity_distance,14167,15153,7.097331772159575,521.9440344491078,0.013597878898358404,8.881784197001252e-16,371352979,4000,0.013148829130999717,0.02116811669823141,0.042280856588197836
GW240414_054515,IMRPhenomXPHM-SpinTaylor,NRSur7dq4,final_mass_source,14167,15153,0.5460986869998505,5.380062140500861,0.10150415975474421,0.0,964623044,4000,0.06917449662810084,0.10398346312058145,0.12877719791515774
GW240414_054515,IMRPhenomXPHM-SpinTaylor,NRSur7dq4,final_spin,14167,15153,0.014956228376283576,0.07854379713238119,0.19041896269766137,0.0,267412238,4000,0.16893176534277451,0.19087107627543057,0.21566439417370453
GW240414_054515,IMRPhenomXPNR,NRSur7dq4,chirp_mass_source,13285,15153,0.20328751415726148,2.41347728942387,0.08423013344608227,0.0,964885421,4000,0.061113495001308,0.083756309230689,0.10881616959031844
GW240414_054515,IMRPhenomXPNR,NRSur7dq4,chi_eff,13285,15153,0.02098056665278814,0.15532421384240194,0.1350759558588582,3.469446951953614e-18,931174023,4000,0.10782290027330103,0.13523060634748046,0.16084958686097728
GW240414_054515,IMRPhenomXPNR,NRSur7dq4,luminosity_distance,13285,15153,27.185794855211473,519.1262507909339,0.05236836860742749,3.552713678800501e-15,871996153,4000,0.0362272978294695,0.05486244451643346,0.07479720676350544
GW240414_054515,IMRPhenomXPNR,NRSur7dq4,final_mass_source,13285,15153,0.2388555272090219,5.401405805952713,0.044220992791503835,2.7755575615628914e-17,340569729,4000,0.028844331706527674,0.04837672111934919,0.07092751290005343
GW240414_054515,IMRPhenomXPNR,NRSur7dq4,final_spin,13285,15153,0.007324872141447508,0.07549304968771886,0.09702710609449801,8.673617379884035e-19,320104251,4000,0.0759989521235611,0.09534872965076305,0.11734888027024615
GW240420_175625,IMRPhenomXPHM-SpinTaylor,IMRPhenomXPNR,chirp_mass_source,11908,14107,0.05444355360897891,3.510609113209707,0.015508292678931102,0.0,1011384962,4000,0.012214885734328104,0.021464430444012417,0.035797768499179386
GW240420_175625,IMRPhenomXPHM-SpinTaylor,IMRPhenomXPNR,chi_eff,11908,14107,0.026393445510443966,0.17849829643116083,0.14786385101788796,6.938893903907228e-18,873832781,4000,0.12826841755609752,0.14918811344940697,0.17828640826920555
GW240420_175625,IMRPhenomXPHM-SpinTaylor,IMRPhenomXPNR,luminosity_distance,11908,14107,23.548434968772202,1110.8932987429043,0.021197746890200705,3.552713678800501e-15,849697051,4000,0.014443680547898855,0.025681341221742683,0.04714074107730731
GW240420_175625,IMRPhenomXPHM-SpinTaylor,IMRPhenomXPNR,final_mass_source,11908,14107,0.04430592258758525,7.482205620590264,0.00592150561402107,0.0,193550715,4000,0.011263395150951726,0.01670878799964698,0.02818431538641926
GW240420_175625,IMRPhenomXPHM-SpinTaylor,IMRPhenomXPNR,final_spin,11908,14107,0.007939656517015163,0.07583824009797224,0.10469199320498807,0.0,141258688,4000,0.08131817277493424,0.10719421820819575,0.13301927516364093
GW240420_175625,IMRPhenomXPHM-SpinTaylor,NRSur7dq4,chirp_mass_source,11908,12184,0.08843572327582883,3.5293363414465837,0.025057323734575355,0.0,649433879,4000,0.017138182419870637,0.02909124458894971,0.04616093758709299
GW240420_175625,IMRPhenomXPHM-SpinTaylor,NRSur7dq4,chi_eff,11908,12184,0.011083005407693015,0.17515003385775785,0.06327720962185883,0.0,876284145,4000,0.0447840645860991,0.064870342270444,0.08151688992786921
GW240420_175625,IMRPhenomXPHM-SpinTaylor,NRSur7dq4,luminosity_distance,11908,12184,36.773701666444715,1110.4793287169564,0.03311516091788301,0.0,271057307,4000,0.024599680581733993,0.03842689450276032,0.0561116968237983
GW240420_175625,IMRPhenomXPHM-SpinTaylor,NRSur7dq4,final_mass_source,11908,12184,0.1802542691145184,7.488722960306465,0.024070094470037887,0.0,256764657,4000,0.013769829843915412,0.025493393567422088,0.04521897835704975
GW240420_175625,IMRPhenomXPHM-SpinTaylor,NRSur7dq4,final_spin,11908,12184,0.010578902830030839,0.07309966313169891,0.14471889988017478,1.734723475976807e-18,521766773,4000,0.12170933926793112,0.14338046644394964,0.16607932465376668
GW240420_175625,IMRPhenomXPNR,NRSur7dq4,chirp_mass_source,14107,12184,0.12063099916303818,3.492265120039395,0.03454233714125272,1.3877787807814457e-17,873906483,4000,0.018729529542362004,0.03827386384000854,0.054317980977813235
GW240420_175625,IMRPhenomXPNR,NRSur7dq4,chi_eff,14107,12184,0.01709441074879357,0.17451383375262197,0.09795447375836895,3.469446951953614e-18,924116977,4000,0.07918560324908475,0.09818018731061887,0.12465845183763972
GW240420_175625,IMRPhenomXPNR,NRSur7dq4,luminosity_distance,14107,12184,21.50074354608887,1107.0554733432466,0.019421559320020168,0.0,458580218,4000,0.013378160835759845,0.0253481521128862,0.03971339983269598
GW240420_175625,IMRPhenomXPNR,NRSur7dq4,final_mass_source,14107,12184,0.2106066373815032,7.509901088463113,0.028043863015059154,5.551115123125783e-17,532663068,4000,0.014667728964681727,0.031165515140066012,0.048170113326994134
GW240420_175625,IMRPhenomXPNR,NRSur7dq4,final_spin,14107,12184,0.004331165371796696,0.07266667597461474,0.059603185555229456,8.673617379884035e-19,537592496,4000,0.04328518823915415,0.062281853025917905,0.07951616285142553
GW240426_031451,IMRPhenomXPHM-SpinTaylor,IMRPhenomXPNR,chirp_mass_source,14745,14249,0.30522847177538714,5.985735140712947,0.050992645782023706,5.551115123125783e-17,466055215,4000,0.02899983838398065,0.0501004626898225,0.07176803745130671
GW240426_031451,IMRPhenomXPHM-SpinTaylor,IMRPhenomXPNR,chi_eff,14745,14249,0.02977327998175123,0.20313727716972116,0.14656728886286913,6.938893903907228e-18,1008893786,4000,0.1276745169015248,0.15101605640747687,0.1759459247857911
GW240426_031451,IMRPhenomXPHM-SpinTaylor,IMRPhenomXPNR,luminosity_distance,14745,14249,93.05437263735746,1913.961496817508,0.048618727593050415,0.0,581286770,4000,0.023461065598656777,0.04987967779379991,0.06711917658449328
GW240426_031451,IMRPhenomXPHM-SpinTaylor,IMRPhenomXPNR,final_mass_source,14745,14249,0.37868179723657563,12.46773191222529,0.030372949940097566,5.551115123125783e-17,200023045,4000,0.01815624855198408,0.03429201585341746,0.04750783937646854
GW240426_031451,IMRPhenomXPHM-SpinTaylor,IMRPhenomXPNR,final_spin,14745,14249,0.011601777546996164,0.08102405247394678,0.1431893023460744,0.0,773952357,4000,0.12558863588067387,0.14478431138839506,0.16761070917489934
GW240426_031451,IMRPhenomXPHM-SpinTaylor,NRSur7dq4,chirp_mass_source,14745,14213,0.15090357651608055,5.895751247489233,0.02559530926280928,2.7755575615628914e-17,421923560,4000,0.017354324279575097,0.02898427859922571,0.0448016569035606
GW240426_031451,IMRPhenomXPHM-SpinTaylor,NRSur7dq4,chi_eff,14745,14213,0.004664783909887731,0.20225922309738964,0.02306339280083952,0.0,182302171,4000,0.020345870593477002,0.028270578553415873,0.050276617698119454
GW240426_031451,IMRPhenomXPHM-SpinTaylor,NRSur7dq4,luminosity_distance,14745,14213,20.143034474577654,1929.3259751914354,0.01044045160516692,0.0,749315119,4000,0.011881271985811927,0.019203831136191833,0.03309915410720677
GW240426_031451,IMRPhenomXPHM-SpinTaylor,NRSur7dq4,final_mass_source,14745,14213,0.6047878761569022,12.270339551347831,0.04928860147887835,1.1102230246251565e-16,265416184,4000,0.03213040114376818,0.05081405303280535,0.06638691616052919
GW240426_031451,IMRPhenomXPHM-SpinTaylor,NRSur7dq4,final_spin,14745,14213,0.009219357919654413,0.08078689705548303,0.11411947055377951,0.0,968413042,4000,0.09604488758518005,0.11607383615835595,0.14370830928497402
GW240426_031451,IMRPhenomXPNR,NRSur7dq4,chirp_mass_source,14249,14213,0.4172236389902081,5.858463912897204,0.071217241446466,5.551115123125783e-17,263874917,4000,0.05149421740977049,0.07306542619443687,0.09131335274899208
GW240426_031451,IMRPhenomXPNR,NRSur7dq4,chi_eff,14249,14213,0.025251637793354993,0.20039750864325576,0.12600774313171492,0.0,997062836,4000,0.09689056176116465,0.12527161654780655,0.15245407386104035
GW240426_031451,IMRPhenomXPNR,NRSur7dq4,luminosity_distance,14249,14213,104.56769780713437,1933.4480732022453,0.054083530484449804,1.4210854715202004e-14,594818377,4000,0.026987087642153094,0.05471724749978246,0.07705546542624321
GW240426_031451,IMRPhenomXPNR,NRSur7dq4,final_mass_source,14249,14213,0.9212135925891296,12.426307997326944,0.07413413483613107,0.0,408690881,4000,0.054888357667620076,0.07089132295255737,0.09743860486079714
GW240426_031451,IMRPhenomXPNR,NRSur7dq4,final_spin,14249,14213,0.002876173614496279,0.07731847150408672,0.037199049057045276,0.0,349095992,4000,0.026055082733502488,0.041272137380394494,0.06073376426038787
GW240505_133552,IMRPhenomXPHM-SpinTaylor,IMRPhenomXPNR,chirp_mass_source,13399,15213,0.08115153671277248,3.4858769121778685,0.023280092429331215,1.3877787807814457e-17,767350357,4000,0.01808420359836904,0.02774408432126017,0.04220381128784361
GW240505_133552,IMRPhenomXPHM-SpinTaylor,IMRPhenomXPNR,chi_eff,13399,15213,0.02631622581287695,0.2333783004098318,0.11276209384790041,3.469446951953614e-18,643825637,4000,0.09197805750525159,0.11249200975748495,0.13825219936465089
GW240505_133552,IMRPhenomXPHM-SpinTaylor,IMRPhenomXPNR,luminosity_distance,13399,15213,38.474866174643424,1961.3425144449982,0.019616597249731606,0.0,1017376280,4000,0.013017532818658247,0.02365490674723569,0.04469810040451622
GW240505_133552,IMRPhenomXPHM-SpinTaylor,IMRPhenomXPNR,final_mass_source,13399,15213,0.18268700327145138,7.522994758950713,0.024283813710503244,0.0,669314545,4000,0.019288071520603252,0.03017477284896051,0.04528408540523622
GW240505_133552,IMRPhenomXPHM-SpinTaylor,IMRPhenomXPNR,final_spin,13399,15213,0.013130501501040722,0.0844164171489371,0.15554440646153447,0.0,1012844150,4000,0.13952167774671323,0.15876938136721946,0.18453450253251868
GW240505_133552,IMRPhenomXPHM-SpinTaylor,NRSur7dq4,chirp_mass_source,13399,13556,0.14370489374404488,3.4533552809526658,0.0416131217476128,2.7755575615628914e-17,256306543,4000,0.022732515792942314,0.04254617165521266,0.061523971251109
GW240505_133552,IMRPhenomXPHM-SpinTaylor,NRSur7dq4,chi_eff,13399,13556,0.006724343225829876,0.22794780684448396,0.029499486390836476,8.673617379884035e-19,956743286,4000,0.015078941906632967,0.03119579820600263,0.05226209955265501
GW240505_133552,IMRPhenomXPHM-SpinTaylor,NRSur7dq4,luminosity_distance,13399,13556,32.47628945093917,1962.4683075808434,0.016548694990633023,7.105427357601002e-15,110267565,4000,0.014433886661081695,0.021885000699263434,0.03781405816846596
GW240505_133552,IMRPhenomXPHM-SpinTaylor,NRSur7dq4,final_mass_source,13399,13556,0.16563095585431034,7.447361000976187,0.022240221178025307,0.0,27686889,4000,0.015543449411038631,0.02770211203980072,0.04362699520783808
GW240505_133552,IMRPhenomXPHM-SpinTaylor,NRSur7dq4,final_spin,13399,13556,0.008947350146167123,0.08229122932107824,0.10872787075834012,0.0,441604659,4000,0.08818956013621371,0.11137074548344034,0.13564182365124922
GW240505_133552,IMRPhenomXPNR,NRSur7dq4,chirp_mass_source,15213,13556,0.0871707989535071,3.527954265598302,0.024708596651471588,0.0,191958065,4000,0.016363519645610565,0.028050228794336014,0.04976570353083243
GW240505_133552,IMRPhenomXPNR,NRSur7dq4,chi_eff,15213,13556,0.019614419463305166,0.23362016572415817,0.08395858894503336,6.938893903907228e-18,201555299,4000,0.06583561225231915,0.08452418118963535,0.11249633438826076
GW240505_133552,IMRPhenomXPNR,NRSur7dq4,luminosity_distance,15213,13556,25.41815960665583,1978.689736848665,0.012845955145619615,3.552713678800501e-15,944099107,4000,0.01176269739350485,0.021330185957545603,0.03773153030418148
GW240505_133552,IMRPhenomXPNR,NRSur7dq4,final_mass_source,15213,13556,0.06388611971983231,7.6163634309709245,0.008388008305912496,1.3877787807814457e-17,214904395,4000,0.011939376687728152,0.02007720104515013,0.03364547079708117
GW240505_133552,IMRPhenomXPNR,NRSur7dq4,final_spin,15213,13556,0.004249395981250286,0.08275174101912985,0.05135113689351801,0.0,360656836,4000,0.03174620689070841,0.05361234434927155,0.07575170658991041
GW240515_005301,IMRPhenomXPHM-SpinTaylor,IMRPhenomXPNR,chirp_mass_source,16489,15397,0.041201367377398164,2.9982605692246445,0.01374175673732484,6.938893903907228e-18,944969790,4000,0.013819554512108036,0.022490966608225617,0.03910723494779688
GW240515_005301,IMRPhenomXPHM-SpinTaylor,IMRPhenomXPNR,chi_eff,16489,15397,0.03839160167526585,0.14965547528139314,0.25653322474890516,0.0,464486781,4000,0.23757767407879285,0.25910011690201706,0.2842078908294109
GW240515_005301,IMRPhenomXPHM-SpinTaylor,IMRPhenomXPNR,luminosity_distance,16489,15397,127.68998989273385,1572.2362667774241,0.08121552249551973,1.4210854715202004e-14,175544504,4000,0.05602080179885619,0.08386412602489005,0.10308163543265025
GW240515_005301,IMRPhenomXPHM-SpinTaylor,IMRPhenomXPNR,final_mass_source,16489,15397,0.4132735228275112,7.3882629945786,0.05593649320967124,0.0,515214883,4000,0.04071230828123569,0.058379634049223104,0.07924962096993911
GW240515_005301,IMRPhenomXPHM-SpinTaylor,IMRPhenomXPNR,final_spin,16489,15397,0.009482036932239127,0.06130835969973231,0.15466140308889276,1.734723475976807e-18,715581606,4000,0.13085481062143917,0.15284329567756438,0.17378766100044993
GW240515_005301,IMRPhenomXPHM-SpinTaylor,NRSur7dq4,chirp_mass_source,16489,12153,0.1082746741109738,2.9575973493792223,0.03660899754785751,0.0,846950048,4000,0.019603261064786215,0.03735385240022798,0.06246710930038207
GW240515_005301,IMRPhenomXPHM-SpinTaylor,NRSur7dq4,chi_eff,16489,12153,0.022114074965025803,0.14650151634122477,0.15094775478991418,3.469446951953614e-18,347766823,4000,0.1242817402141228,0.1520460869985783,0.16917658960411752
GW240515_005301,IMRPhenomXPHM-SpinTaylor,NRSur7dq4,luminosity_distance,16489,12153,35.33878119163347,1579.313121340301,0.02237604482234836,7.105427357601002e-15,993012810,4000,0.01175529334173692,0.025625660192925635,0.044404262754985956
GW240515_005301,IMRPhenomXPHM-SpinTaylor,NRSur7dq4,final_mass_source,16489,12153,0.3129260468724775,7.499634048141651,0.04172550885333106,5.551115123125783e-17,978398598,4000,0.025396307677411165,0.039963221796365245,0.0648561853152298
GW240515_005301,IMRPhenomXPHM-SpinTaylor,NRSur7dq4,final_spin,16489,12153,0.01443124414115708,0.06147815485075658,0.23473775646309075,0.0,652521243,4000,0.21040761944145933,0.23322169010346033,0.2593003738426742
GW240515_005301,IMRPhenomXPNR,NRSur7dq4,chirp_mass_source,15397,12153,0.08123633420909795,2.969721624321709,0.027354865029698708,0.0,575453320,4000,0.015168357661740444,0.031149203471087322,0.05100235752096048
GW240515_005301,IMRPhenomXPNR,NRSur7dq4,chi_eff,15397,12153,0.01643938050960206,0.15172774212369391,0.1083478886557218,3.469446951953614e-18,570529908,4000,0.08342720102134875,0.10789138082756577,0.1288821037075089
GW240515_005301,IMRPhenomXPNR,NRSur7dq4,luminosity_distance,15397,12153,93.29147860338725,1579.9325763334962,0.0590477593796351,1.4210854715202004e-14,426366386,4000,0.03931967828208925,0.057414798505225455,0.08304506845347122
GW240515_005301,IMRPhenomXPNR,NRSur7dq4,final_mass_source,15397,12153,0.13697120707350507,7.570008798806295,0.018093929705220935,0.0,241421764,4000,0.01486737021633634,0.023878074591779833,0.039623067282406506
GW240515_005301,IMRPhenomXPNR,NRSur7dq4,final_spin,15397,12153,0.0055405098532041635,0.06142460087883711,0.09020017670335502,8.673617379884035e-19,57971497,4000,0.07302415881076142,0.09552675127999186,0.11181471072608432
GW240618_071627,IMRPhenomXPHM-SpinTaylor,IMRPhenomXPNR,chirp_mass_source,15339,14913,0.3346438420737325,9.930452066899992,0.03369875206277481,0.0,915815772,4000,0.020304900363829988,0.03567794513459119,0.05281284450972206
GW240618_071627,IMRPhenomXPHM-SpinTaylor,IMRPhenomXPNR,chi_eff,15339,14913,0.02709417760393909,0.2337773087099827,0.115897380089833,3.469446951953614e-18,361433946,4000,0.0915102375165538,0.11584804126470241,0.14325428043039717
GW240618_071627,IMRPhenomXPHM-SpinTaylor,IMRPhenomXPNR,luminosity_distance,15339,14913,113.96712651710789,3232.7468035439924,0.03525396000459056,0.0,314554437,4000,0.019115272179357226,0.036812623130900536,0.0596277909971409
GW240618_071627,IMRPhenomXPHM-SpinTaylor,IMRPhenomXPNR,final_mass_source,15339,14913,0.8873845358143573,21.40187456013156,0.04146293509576118,0.0,739724820,4000,0.02455671112092605,0.0429871283295247,0.0664217658117104
GW240618_071627,IMRPhenomXPHM-SpinTaylor,IMRPhenomXPNR,final_spin,15339,14913,0.016781874924578322,0.10612498123728081,0.1581331250090529,3.469446951953614e-18,497183893,4000,0.13907926140659982,0.16166018464757925,0.18126859654898397
GW240618_071627,IMRPhenomXPHM-SpinTaylor,NRSur7dq4,chirp_mass_source,15339,14863,0.2643008726746899,10.048735986822493,0.026301902350831328,5.551115123125783e-17,229050429,4000,0.0167115888186109,0.029417574574819395,0.050679554504786464
GW240618_071627,IMRPhenomXPHM-SpinTaylor,NRSur7dq4,chi_eff,15339,14863,0.012352155806687703,0.23335059119316076,0.05293389548973952,0.0,592865889,4000,0.03039671546160225,0.05621049590802745,0.07473770400605681
GW240618_071627,IMRPhenomXPHM-SpinTaylor,NRSur7dq4,luminosity_distance,15339,14863,52.434340360849966,3286.1490888367066,0.015956165999580885,7.105427357601002e-15,529449528,4000,0.012712014589818408,0.022207615949885285,0.03698733186289306
GW240618_071627,IMRPhenomXPHM-SpinTaylor,NRSur7dq4,final_mass_source,15339,14863,1.3922963447281762,21.79311987794936,0.06388696765426986,0.0,321225609,4000,0.04179434399514289,0.0631633461053802,0.09066776309205651
GW240618_071627,IMRPhenomXPHM-SpinTaylor,NRSur7dq4,final_spin,15339,14863,0.01535319471773512,0.10609454713288907,0.14471238280045087,3.469446951953614e-18,48193841,4000,0.11681473318146152,0.14397166778922202,0.16187243732261505
GW240618_071627,IMRPhenomXPNR,NRSur7dq4,chirp_mass_source,14913,14863,0.18387792619912305,9.852782025468404,0.018662538735132673,2.7755575615628914e-17,153371894,4000,0.016119458483116227,0.02422392761056106,0.03473103198153276
GW240618_071627,IMRPhenomXPNR,NRSur7dq4,chi_eff,14913,14863,0.014823809134126837,0.2296194056895991,0.06455817220503458,0.0,571329808,4000,0.03626208525118806,0.06530578166872228,0.09165479980595397
GW240618_071627,IMRPhenomXPNR,NRSur7dq4,luminosity_distance,14913,14863,159.60456334152678,3236.884258990972,0.04930808474173866,2.842170943040401e-14,68364325,4000,0.033851984282211596,0.05270826451345683,0.06977633932192158
GW240618_071627,IMRPhenomXPNR,NRSur7dq4,final_mass_source,14913,14863,0.7008644456058052,21.53828268459352,0.03254040518778864,1.1102230246251565e-16,660569665,4000,0.026464553958505416,0.038431960048527364,0.05102159135676066
GW240618_071627,IMRPhenomXPNR,NRSur7dq4,final_spin,14913,14863,0.001772828267376373,0.10260890116173449,0.01727752901848155,0.0,136270700,4000,0.016844578680683293,0.028040496217958878,0.039388252887864905
GW240621_214041,IMRPhenomXPHM-SpinTaylor,IMRPhenomXPNR,chirp_mass_source,14901,15454,0.30062956960508225,6.91840981380475,0.04345356486474922,0.0,55095817,4000,0.02543167603714675,0.04322055227491669,0.07052294318721164
GW240621_214041,IMRPhenomXPHM-SpinTaylor,IMRPhenomXPNR,chi_eff,14901,15454,0.03590894217064132,0.20370005469087266,0.17628341938903916,1.3877787807814457e-17,435341233,4000,0.1524822653582576,0.17647027859390088,0.19822088611315014
GW240621_214041,IMRPhenomXPHM-SpinTaylor,IMRPhenomXPNR,luminosity_distance,14901,15454,71.85621285997391,3537.8097560751935,0.020310931851714488,0.0,272520776,4000,0.015045511927704378,0.02507642745102657,0.041929555962690164
GW240621_214041,IMRPhenomXPHM-SpinTaylor,IMRPhenomXPNR,final_mass_source,14901,15454,0.8608968630245208,15.043672500316966,0.05722650921883483,1.1102230246251565e-16,505689931,4000,0.03388418668534846,0.05667457745031919,0.08387465408397439
GW240621_214041,IMRPhenomXPHM-SpinTaylor,IMRPhenomXPNR,final_spin,14901,15454,0.015826609463928474,0.08551060697529289,0.18508358230343697,3.469446951953614e-18,181810724,4000,0.16094851484327882,0.1873585359000463,0.21229111925185332
GW240621_214041,IMRPhenomXPHM-SpinTaylor,NRSur7dq4,chirp_mass_source,14901,16177,0.16331595379401653,7.102254051598889,0.022994946760212017,0.0,586901735,4000,0.015160402002945777,0.028986682284976528,0.05111790511038679
GW240621_214041,IMRPhenomXPHM-SpinTaylor,NRSur7dq4,chi_eff,14901,16177,0.009128502642922658,0.20362418993076417,0.04483014835332929,1.734723475976807e-18,512093872,4000,0.033302495237695386,0.04949320180958022,0.07061273982091577
GW240621_214041,IMRPhenomXPHM-SpinTaylor,NRSur7dq4,luminosity_distance,14901,16177,148.96475936917452,3509.3269209720165,0.042448242276588506,2.842170943040401e-14,629199692,4000,0.025075338596701743,0.04568570901963358,0.06293120104384647
GW240621_214041,IMRPhenomXPHM-SpinTaylor,NRSur7dq4,final_mass_source,14901,16177,0.3917520376079774,15.441199814467765,0.02537056979477216,0.0,717098231,4000,0.015698765770380017,0.02964283020228023,0.045544862088084566
GW240621_214041,IMRPhenomXPHM-SpinTaylor,NRSur7dq4,final_spin,14901,16177,0.012454250208846485,0.0842035212528528,0.14790652485242162,1.734723475976807e-18,651443090,4000,0.12558136400595354,0.1489123619293219,0.17162433223027473
GW240621_214041,IMRPhenomXPNR,NRSur7dq4,chirp_mass_source,15454,16177,0.4357477349109336,6.934266359902059,0.06283977457668473,0.0,537632146,4000,0.04454519580420372,0.06403339565636164,0.08564370904818278
GW240621_214041,IMRPhenomXPNR,NRSur7dq4,chi_eff,15454,16177,0.026999049968301735,0.2000276469966728,0.13497659135464823,0.0,295020208,4000,0.11327595437846333,0.13320406944413363,0.16091588699377032
GW240621_214041,IMRPhenomXPNR,NRSur7dq4,luminosity_distance,15454,16177,205.60756754613396,3466.152671144901,0.05931867031068195,5.684341886080802e-14,686665637,4000,0.03729546724652629,0.05629868619449853,0.08442883064907943
GW240621_214041,IMRPhenomXPNR,NRSur7dq4,final_mass_source,15454,16177,1.0461281510506042,15.172112438596422,0.0689507249095619,0.0,669253315,4000,0.05288403045391901,0.0702192357159036,0.08939915079128563
GW240621_214041,IMRPhenomXPNR,NRSur7dq4,final_spin,15454,16177,0.0037875644183887696,0.08007701902073427,0.04729901867860564,4.336808689942018e-19,719928831,4000,0.030687252623611303,0.05069839357666504,0.07201035852675229
GW240703_191355,IMRPhenomXPHM-SpinTaylor,IMRPhenomXPNR,chirp_mass_source,17705,18079,0.10246078551562576,3.0795735592852775,0.03327109534587814,0.0,156114276,4000,0.020111280643134267,0.03302332209457222,0.05707125857063785
GW240703_191355,IMRPhenomXPHM-SpinTaylor,IMRPhenomXPNR,chi_eff,17705,18079,0.03208006535047296,0.15963149618914502,0.20096325672761822,6.938893903907228e-18,340423338,4000,0.1773788852324981,0.20060770809939257,0.22652021130898703
GW240703_191355,IMRPhenomXPHM-SpinTaylor,IMRPhenomXPNR,luminosity_distance,17705,18079,26.504083075243972,862.256397873002,0.03073805325263315,3.552713678800501e-15,194622697,4000,0.017426363100364585,0.0352938173492988,0.054063256364960274
GW240703_191355,IMRPhenomXPHM-SpinTaylor,IMRPhenomXPNR,final_mass_source,17705,18079,0.18068922277034893,6.6157611970242165,0.027311932427612914,0.0,737451481,4000,0.016205970653850925,0.031123344769960773,0.04918604293308418
GW240703_191355,IMRPhenomXPHM-SpinTaylor,IMRPhenomXPNR,final_spin,17705,18079,0.008904874914132211,0.06723605611619021,0.13244195790936564,1.734723475976807e-18,537674736,4000,0.11001734113915701,0.1321702918401636,0.1539654993328303
GW240703_191355,IMRPhenomXPHM-SpinTaylor,NRSur7dq4,chirp_mass_source,17705,15434,0.06456202804347357,3.083411328562887,0.02093850646698005,0.0,669823571,4000,0.01336633318280958,0.027063333024471014,0.04387748393051377
GW240703_191355,IMRPhenomXPHM-SpinTaylor,NRSur7dq4,chi_eff,17705,15434,0.004843152718142729,0.15779186017959698,0.030693298834491876,0.0,44158440,4000,0.02523022864096163,0.0365964479260983,0.05476466696346335
GW240703_191355,IMRPhenomXPHM-SpinTaylor,NRSur7dq4,luminosity_distance,17705,15434,6.77222060467504,871.932862980292,0.007766906022474473,0.0,201775291,4000,0.014435169118924385,0.02031900681643061,0.034143444029628316
GW240703_191355,IMRPhenomXPHM-SpinTaylor,NRSur7dq4,final_mass_source,17705,15434,0.0943616238301791,6.602857008386366,0.014291029430188977,0.0,567067736,4000,0.013627865503613478,0.021724400035534417,0.03438114913950922
GW240703_191355,IMRPhenomXPHM-SpinTaylor,NRSur7dq4,final_spin,17705,15434,0.005285690509457772,0.06461261624916625,0.08180585799334472,8.673617379884035e-19,176783467,4000,0.06549474357536741,0.08480353867736906,0.10409740551069534
GW240703_191355,IMRPhenomXPNR,NRSur7dq4,chirp_mass_source,18079,15434,0.1574679538910612,3.0686268137399466,0.051315446109637605,0.0,684063108,4000,0.029579849310529142,0.05204079853556964,0.07810585403726673
GW240703_191355,IMRPhenomXPNR,NRSur7dq4,chi_eff,18079,15434,0.028422264374299386,0.15637929228220546,0.1817520974772539,0.0,351187142,4000,0.1596128764895466,0.18389910504119789,0.21203220084189153
GW240703_191355,IMRPhenomXPNR,NRSur7dq4,luminosity_distance,18079,15434,24.811770134617742,868.145578857334,0.028580195233241134,3.552713678800501e-15,787425434,4000,0.017049649096554625,0.03160660780558433,0.05299151320634562
GW240703_191355,IMRPhenomXPNR,NRSur7dq4,final_mass_source,18079,15434,0.10818686242162219,6.57735896171496,0.016448374347720545,1.3877787807814457e-17,49080778,4000,0.01234953139896188,0.02304788462207479,0.04164594654579968
GW240703_191355,IMRPhenomXPNR,NRSur7dq4,final_spin,18079,15434,0.004995329161263251,0.0640371041222716,0.07800679355714206,0.0,143376057,4000,0.05796646646942538,0.0794506575089095,0.10268278026665116
GW240716_034900,IMRPhenomXPHM-SpinTaylor,IMRPhenomXPNR,chirp_mass_source,18295,19085,0.030411983626134627,3.054138936300495,0.009957629387670532,3.469446951953614e-18,146399197,4000,0.012721327360499574,0.020625809666642167,0.03213041431176043
GW240716_034900,IMRPhenomXPHM-SpinTaylor,IMRPhenomXPNR,chi_eff,18295,19085,0.023219188290705326,0.16802529829807927,0.1381886449593689,0.0,37969813,4000,0.1180992973432495,0.14135030982306182,0.15975049889245937
GW240716_034900,IMRPhenomXPHM-SpinTaylor,IMRPhenomXPNR,luminosity_distance,18295,19085,47.64589753050595,1000.6873374902801,0.04761317121290019,0.0,452840099,4000,0.033813079288706575,0.051435504691347875,0.06903614162202082
GW240716_034900,IMRPhenomXPHM-SpinTaylor,IMRPhenomXPNR,final_mass_source,18295,19085,0.4869592121171546,6.706289200685376,0.07261231920439516,0.0,381216977,4000,0.056423556190122404,0.07545862727904001,0.0971033073418219
GW240716_034900,IMRPhenomXPHM-SpinTaylor,IMRPhenomXPNR,final_spin,18295,19085,0.00835959729960453,0.07983123256621205,0.1047158741119408,1.734723475976807e-18,131158113,4000,0.09133871537223054,0.10900375075050492,0.12502220386746402
GW240716_034900,IMRPhenomXPHM-SpinTaylor,NRSur7dq4,chirp_mass_source,18295,20091,0.14971354227674372,3.133737785733956,0.04777475095660537,0.0,981160977,4000,0.03510490274307607,0.05275687739665055,0.07703891570530334
GW240716_034900,IMRPhenomXPHM-SpinTaylor,NRSur7dq4,chi_eff,18295,20091,0.016086541366085862,0.17101312339673516,0.09406612221663553,0.0,769773130,4000,0.07481845131618535,0.09613101239895665,0.12232141630238316
GW240716_034900,IMRPhenomXPHM-SpinTaylor,NRSur7dq4,luminosity_distance,18295,20091,90.18988899190792,996.6104376282452,0.09049663297380643,1.4210854715202004e-14,61050466,4000,0.06830536501031645,0.09008191900136311,0.11252730648516233
GW240716_034900,IMRPhenomXPHM-SpinTaylor,NRSur7dq4,final_mass_source,18295,20091,0.5271667627502715,6.85958778863381,0.07685108478730683,1.1102230246251565e-16,943053438,4000,0.058230143492758235,0.079018039918412,0.10115166561623587
GW240716_034900,IMRPhenomXPHM-SpinTaylor,NRSur7dq4,final_spin,18295,20091,0.011743175265982892,0.08321354277175641,0.14112096270426613,1.734723475976807e-18,680772622,4000,0.12246778170013121,0.14544507322003922,0.1705358559752492
GW240716_034900,IMRPhenomXPNR,NRSur7dq4,chirp_mass_source,19085,20091,0.16267850717812768,3.127537133920198,0.05201489229776755,0.0,814750901,4000,0.035607032591225975,0.0556200099640215,0.07539119379660102
GW240716_034900,IMRPhenomXPNR,NRSur7dq4,chi_eff,19085,20091,0.007319652547189751,0.16333603326997623,0.04481345849198617,0.0,72268746,4000,0.02906236793215925,0.04885497162598303,0.06426088373747277
GW240716_034900,IMRPhenomXPNR,NRSur7dq4,luminosity_distance,19085,20091,133.21814154639023,980.9866380263379,0.13580015912797125,0.0,709025589,4000,0.1114911290808916,0.1325684464125042,0.16176351367080555
GW240716_034900,IMRPhenomXPNR,NRSur7dq4,final_mass_source,19085,20091,1.0106820821387392,6.8821356495506265,0.14685587927996338,0.0,263454172,4000,0.12253011973842974,0.14679103431318685,0.16854564325716825
GW240716_034900,IMRPhenomXPNR,NRSur7dq4,final_spin,19085,20091,0.011359952382716143,0.07617424650981186,0.149131142127581,0.0,808403292,4000,0.12115568230400572,0.14576233989856918,0.1664094506076254
GW240924_000316,IMRPhenomXPHM-SpinTaylor,IMRPhenomXPNR,chirp_mass_source,18026,17281,0.5286254392198836,6.447344643940816,0.08199118682397151,0.0,703086493,4000,0.05935374021234881,0.08102993104744455,0.10124559555575445
GW240924_000316,IMRPhenomXPHM-SpinTaylor,IMRPhenomXPNR,chi_eff,18026,17281,0.05069088850477692,0.18960663665701732,0.26734764878759243,0.0,149644276,4000,0.24335116170147142,0.2630397387948262,0.29047207801179925
GW240924_000316,IMRPhenomXPHM-SpinTaylor,IMRPhenomXPNR,luminosity_distance,18026,17281,27.0756616109662,1966.2701874998327,0.01377006160348373,3.552713678800501e-15,921585425,4000,0.010612125755637034,0.01979315809903983,0.03350237346949117
GW240924_000316,IMRPhenomXPHM-SpinTaylor,IMRPhenomXPNR,final_mass_source,18026,17281,1.3132774413257122,13.513320397472441,0.09718391947336276,2.220446049250313e-16,130011536,4000,0.07810390702086628,0.09883626953294798,0.11506404255003809
GW240924_000316,IMRPhenomXPHM-SpinTaylor,IMRPhenomXPNR,final_spin,18026,17281,0.020756859491084842,0.07887804380686586,0.2631512964736846,3.469446951953614e-18,121383930,4000,0.240596557653498,0.2625272267254489,0.28484559266697973
GW240924_000316,IMRPhenomXPHM-SpinTaylor,NRSur7dq4,chirp_mass_source,18026,13350,1.0466206884969649,6.313144670661053,0.1657843662859341,2.220446049250313e-16,1005655326,4000,0.14793081481093195,0.1649863931949479,0.1929880694021814
GW240924_000316,IMRPhenomXPHM-SpinTaylor,NRSur7dq4,chi_eff,18026,13350,0.038670282953087595,0.18885060615272473,0.20476652810854462,0.0,463724206,4000,0.18702333052240463,0.20486508623703292,0.2267848819871012
GW240924_000316,IMRPhenomXPHM-SpinTaylor,NRSur7dq4,luminosity_distance,18026,13350,159.2882216709834,2003.2573386927522,0.07951460783112803,2.842170943040401e-14,738374014,4000,0.05809777835864704,0.07797666674584917,0.09975223916601156
GW240924_000316,IMRPhenomXPHM-SpinTaylor,NRSur7dq4,final_mass_source,18026,13350,2.507846345186251,13.257614762371531,0.18916271064868728,0.0,722913770,4000,0.1644059314574068,0.18850151899081752,0.2076286803169956
GW240924_000316,IMRPhenomXPHM-SpinTaylor,NRSur7dq4,final_spin,18026,13350,0.026254446586477784,0.07640968265054787,0.34360104211595666,3.469446951953614e-18,427121575,4000,0.3236259459477428,0.34153100703284534,0.3703750306772225
GW240924_000316,IMRPhenomXPNR,NRSur7dq4,chirp_mass_source,17281,13350,0.5182229458870782,6.12899538265334,0.08455267356764286,1.1102230246251565e-16,508979880,4000,0.06651077588912807,0.08593989802357438,0.11214305809329597
GW240924_000316,IMRPhenomXPNR,NRSur7dq4,chi_eff,17281,13350,0.012073620069544764,0.18095413266514487,0.06672199132299987,1.734723475976807e-18,116233844,4000,0.04692804794010241,0.06854391271885288,0.08601312900918105
GW240924_000316,IMRPhenomXPNR,NRSur7dq4,luminosity_distance,17281,13350,183.69867945059488,2000.388489483827,0.09183150193890378,2.842170943040401e-14,633574371,4000,0.07125444699829234,0.09264738645957302,0.11589870058606966
GW240924_000316,IMRPhenomXPNR,NRSur7dq4,final_mass_source,17281,13350,1.1948707802168497,12.632991248666656,0.09458336166764636,2.220446049250313e-16,302113398,4000,0.07022293929245614,0.09823627415604672,0.11986823892933172
GW240924_000316,IMRPhenomXPNR,NRSur7dq4,final_spin,17281,13350,0.005669803933926588,0.07020490621943354,0.0807607935007414,0.0,996676558,4000,0.06583107283255603,0.08383917294091134,0.10509336986616508
GW241002_030559,IMRPhenomXPHM-SpinTaylor,IMRPhenomXPNR,chirp_mass_source,14435,12554,0.3074993143919542,2.9747109579752973,0.10337115731111236,5.551115123125783e-17,303183505,4000,0.081640943360058,0.10323161198995953,0.1276664043256716
GW241002_030559,IMRPhenomXPHM-SpinTaylor,IMRPhenomXPNR,chi_eff,14435,12554,0.037767106222796096,0.1842339123601297,0.20499540903724153,0.0,335475325,4000,0.19068316855358128,0.20816937563252405,0.23198166969016262
GW241002_030559,IMRPhenomXPHM-SpinTaylor,IMRPhenomXPNR,luminosity_distance,14435,12554,11.607144582046782,696.2582593036177,0.016670745986777945,1.7763568394002505e-15,346928317,4000,0.012599790854781974,0.022773703760424806,0.03717494498733767
GW241002_030559,IMRPhenomXPHM-SpinTaylor,IMRPhenomXPNR,final_mass_source,14435,12554,0.48411930027106864,6.298928868846822,0.07685740073449962,0.0,366647717,4000,0.0536154732529363,0.07548948770072868,0.09659813603505674
GW241002_030559,IMRPhenomXPHM-SpinTaylor,IMRPhenomXPNR,final_spin,14435,12554,0.016950528485891344,0.06388843841806935,0.26531449047121,3.469446951953614e-18,969592205,4000,0.2421284546459708,0.26424419693415657,0.2869558150459788
GW241002_030559,IMRPhenomXPHM-SpinTaylor,NRSur7dq4,chirp_mass_source,14435,13544,0.05432213876870906,3.034717551169848,0.017900228885475194,0.0,293245986,4000,0.013722537530077942,0.0253488290004968,0.04405842694954381
GW241002_030559,IMRPhenomXPHM-SpinTaylor,NRSur7dq4,chi_eff,14435,13544,0.012049850163943478,0.1753041994573179,0.06873680266214792,1.734723475976807e-18,521725062,4000,0.048183040938535884,0.06803460319779484,0.08832239399305322
GW241002_030559,IMRPhenomXPHM-SpinTaylor,NRSur7dq4,luminosity_distance,14435,13544,26.256604679145358,715.1239097784731,0.036716161101757835,3.552713678800501e-15,968609946,4000,0.023382574866026892,0.04288116162201623,0.05984965741763848
GW241002_030559,IMRPhenomXPHM-SpinTaylor,NRSur7dq4,final_mass_source,14435,13544,0.08755922760821093,6.418811045430019,0.01364103523043418,1.3877787807814457e-17,370324083,4000,0.014627929667942114,0.022012166001696927,0.03480675165595629
GW241002_030559,IMRPhenomXPHM-SpinTaylor,NRSur7dq4,final_spin,14435,13544,0.00752428538869056,0.060439971698443395,0.12449187478498347,8.673617379884035e-19,222619919,4000,0.10667458705469393,0.12833222079252654,0.14941550470009876
GW241002_030559,IMRPhenomXPNR,NRSur7dq4,chirp_mass_source,12554,13544,0.3581102161230174,3.010827588950505,0.11894079137485424,0.0,123208884,4000,0.10018655782309167,0.11785085869215364,0.13518926605167197
GW241002_030559,IMRPhenomXPNR,NRSur7dq4,chi_eff,12554,13544,0.025798386721593673,0.1820094619178707,0.14174200862829234,0.0,209192192,4000,0.12118412980208737,0.14139000510506017,0.16549424572404525
GW241002_030559,IMRPhenomXPNR,NRSur7dq4,luminosity_distance,12554,13544,27.04137630604897,700.1673626380222,0.03862130363255596,3.552713678800501e-15,261042947,4000,0.029786223627721018,0.04256117035882928,0.061220814470416114
GW241002_030559,IMRPhenomXPNR,NRSur7dq4,final_mass_source,12554,13544,0.49127279030981497,6.351287255685598,0.07735011353328938,5.551115123125783e-17,222639115,4000,0.05860230985796715,0.07928333913083846,0.10005389921206055
GW241002_030559,IMRPhenomXPNR,NRSur7dq4,final_spin,12554,13544,0.009572465950061997,0.06216134881486257,0.15399385844364516,3.469446951953614e-18,982544933,4000,0.12997448823936375,0.154880980953045,0.1781233267030144
GW241009_022835,IMRPhenomXPHM-SpinTaylor,IMRPhenomXPNR,chirp_mass_source,15066,16243,0.17608654159578657,5.678996319436411,0.03100663069513339,0.0,958508196,4000,0.018207934509528602,0.03216204025997184,0.04679037459843405
GW241009_022835,IMRPhenomXPHM-SpinTaylor,IMRPhenomXPNR,chi_eff,15066,16243,0.04062915827786007,0.20448964541819728,0.19868565078085137,0.0,540237953,4000,0.1762384538018737,0.20315956617058745,0.2307656507590709
GW241009_022835,IMRPhenomXPHM-SpinTaylor,IMRPhenomXPNR,luminosity_distance,15066,16243,23.065007126752803,2850.8582638459875,0.008090548526827375,0.0,68965366,4000,0.013836041045345788,0.018660678183992033,0.03228683299392153
GW241009_022835,IMRPhenomXPHM-SpinTaylor,IMRPhenomXPNR,final_mass_source,15066,16243,0.46642078366635287,12.23358244684351,0.03812626315251572,0.0,97218561,4000,0.02206766943996856,0.04398044711599325,0.062440653297969884
GW241009_022835,IMRPhenomXPHM-SpinTaylor,IMRPhenomXPNR,final_spin,15066,16243,0.014844993892735388,0.08495644473112512,0.17473652457700706,0.0,661163078,4000,0.15136774705436493,0.17897288996691202,0.2057865816094881
GW241009_022835,IMRPhenomXPHM-SpinTaylor,NRSur7dq4,chirp_mass_source,15066,16523,0.406821699770963,5.596224528203232,0.07269574294610735,0.0,208766728,4000,0.05267274687734476,0.07534944656559789,0.09045969877920645
GW241009_022835,IMRPhenomXPHM-SpinTaylor,NRSur7dq4,chi_eff,15066,16523,0.017673833160220014,0.20426240670328,0.08652513913582617,3.469446951953614e-18,613344282,4000,0.06184067051037631,0.08556798985109465,0.11049795576004494
GW241009_022835,IMRPhenomXPHM-SpinTaylor,NRSur7dq4,luminosity_distance,15066,16523,105.98562558400037,2855.906901332452,0.03711102260880833,1.4210854715202004e-14,91510537,4000,0.020419285233456583,0.03740199388118705,0.06424053996018231
GW241009_022835,IMRPhenomXPHM-SpinTaylor,NRSur7dq4,final_mass_source,15066,16523,1.2329651803860215,12.054250288395522,0.10228468389883873,2.220446049250313e-16,664058630,4000,0.08390077635194239,0.10085997211183936,0.1273526304715506
GW241009_022835,IMRPhenomXPHM-SpinTaylor,NRSur7dq4,final_spin,15066,16523,0.01721608410633981,0.08311389027954103,0.20713847045826048,0.0,994707145,4000,0.1907734512134573,0.20727385303472037,0.23334284408311445
GW241009_022835,IMRPhenomXPNR,NRSur7dq4,chirp_mass_source,16243,16523,0.2584916440798625,5.507594083702857,0.04693367741910163,0.0,278763140,4000,0.028103308406657982,0.046605767722688915,0.0670565022552079
GW241009_022835,IMRPhenomXPNR,NRSur7dq4,chi_eff,16243,16523,0.022973952770913526,0.20112262873603412,0.11422858240912302,0.0,785773546,4000,0.09185635176665523,0.11477882776460249,0.142586091150902
GW241009_022835,IMRPhenomXPNR,NRSur7dq4,luminosity_distance,16243,16523,110.44294220947293,2859.2504497409377,0.03862653662237934,1.4210854715202004e-14,954498039,4000,0.024671640437787818,0.03859041259864528,0.06435554342665019
GW241009_022835,IMRPhenomXPNR,NRSur7dq4,final_mass_source,16243,16523,0.7973169629070394,11.866419315003878,0.06719103225173523,0.0,131235238,4000,0.041479149006744084,0.06564936695030028,0.09367659030971157
GW241009_022835,IMRPhenomXPNR,NRSur7dq4,final_spin,16243,16523,0.0025737449844635274,0.08001957086528089,0.032163943853143445,0.0,894377370,4000,0.026217830553889713,0.03862588858328006,0.06257830712744898
GW241101_220523,IMRPhenomXPHM-SpinTaylor,IMRPhenomXPNR,chirp_mass_source,17545,18125,0.05909228317153617,3.564720520597122,0.016576975061606707,6.938893903907228e-18,368268468,4000,0.012238199421679493,0.021435112319754236,0.04223723980198265
GW241101_220523,IMRPhenomXPHM-SpinTaylor,IMRPhenomXPNR,chi_eff,17545,18125,0.02395333929330761,0.2689443629703362,0.089064292066793,0.0,985005015,4000,0.06324419807787156,0.08494729561559758,0.11045989785568897
GW241101_220523,IMRPhenomXPHM-SpinTaylor,IMRPhenomXPNR,luminosity_distance,17545,18125,21.027099155116282,990.0683776564501,0.021238027220795253,0.0,170175505,4000,0.01565451760538476,0.02725809452919431,0.04089020805169552
GW241101_220523,IMRPhenomXPHM-SpinTaylor,IMRPhenomXPNR,final_mass_source,17545,18125,0.19071513386945052,8.464707743770088,0.022530622396244492,2.7755575615628914e-17,562735865,4000,0.01582695876639224,0.027887517814595676,0.04846346960204192
GW241101_220523,IMRPhenomXPHM-SpinTaylor,IMRPhenomXPNR,final_spin,17545,18125,0.008133312306175944,0.14610314363464943,0.055668290933659756,1.734723475976807e-18,135983655,4000,0.04214472440366656,0.05636141275424504,0.07024451083413709
GW241101_220523,IMRPhenomXPHM-SpinTaylor,NRSur7dq4,chirp_mass_source,17545,16729,0.10432927018074271,3.516694993203572,0.02966685208196086,0.0,28756675,4000,0.018792909201895372,0.03424338380612402,0.05220959107219718
GW241101_220523,IMRPhenomXPHM-SpinTaylor,NRSur7dq4,chi_eff,17545,16729,0.0271119066910484,0.26585998715634435,0.10197813887316821,0.0,700397977,4000,0.08346050395106742,0.10384742476663984,0.1263735806104978
GW241101_220523,IMRPhenomXPHM-SpinTaylor,NRSur7dq4,luminosity_distance,17545,16729,30.04374841789179,1015.4352943946283,0.02958706338428286,3.552713678800501e-15,107790264,4000,0.018638378168084124,0.03394569660860125,0.04926336255530593
GW241101_220523,IMRPhenomXPHM-SpinTaylor,NRSur7dq4,final_mass_source,17545,16729,0.6274629201904205,8.15806478270753,0.07691320636732865,0.0,623619323,4000,0.06274149230109247,0.07908314618162829,0.09936472418017858
GW241101_220523,IMRPhenomXPHM-SpinTaylor,NRSur7dq4,final_spin,17545,16729,0.021607788027345032,0.14433918419988306,0.1497014698200195,3.469446951953614e-18,247797530,4000,0.12442086602751895,0.14926509680518849,0.1670367153462824
GW241101_220523,IMRPhenomXPNR,NRSur7dq4,chirp_mass_source,18125,16729,0.0611906833880448,3.4810626451938678,0.017578162080055575,6.938893903907228e-18,981755987,4000,0.014965300679010737,0.022929854230348025,0.036346830887138644
GW241101_220523,IMRPhenomXPNR,NRSur7dq4,chi_eff,18125,16729,0.006262814819862121,0.25638351289676825,0.02442752558111573,1.734723475976807e-18,944276097,4000,0.016355255551285225,0.027976693927588656,0.044996315040523586
GW241101_220523,IMRPhenomXPNR,NRSur7dq4,luminosity_distance,18125,16729,48.52578398668205,1005.1907920952744,0.04827519747324014,7.105427357601002e-15,1002733341,4000,0.033841969943343465,0.05079798487467256,0.06295376676608133
GW241101_220523,IMRPhenomXPNR,NRSur7dq4,final_mass_source,18125,16729,0.44268112316132713,8.106619809116339,0.054607362080001325,0.0,604506175,4000,0.04116226311220142,0.0576555647446915,0.07572578900884247
GW241101_220523,IMRPhenomXPNR,NRSur7dq4,final_spin,18125,16729,0.014726780008237175,0.1381745253235772,0.10658100669244197,1.734723475976807e-18,753687279,4000,0.08677380002588773,0.10876545680975361,0.12908752154220354
GW241109_033317,IMRPhenomXPHM-SpinTaylor,IMRPhenomXPNR,chirp_mass_source,17821,19274,0.1881724423883714,5.48807756648122,0.03428749687097108,2.7755575615628914e-17,475837177,4000,0.017648477893932566,0.03506721569937914,0.05124330685211116
GW241109_033317,IMRPhenomXPHM-SpinTaylor,IMRPhenomXPNR,chi_eff,17821,19274,0.030929452356795038,0.1726114175789707,0.17918543738651957,0.0,718492986,4000,0.15633896524116184,0.18077059630852443,0.2081201640628217
GW241109_033317,IMRPhenomXPHM-SpinTaylor,IMRPhenomXPNR,luminosity_distance,17821,19274,45.92591238603561,1700.3078134691546,0.027010351903478304,7.105427357601002e-15,394551250,4000,0.014949658900617295,0.031822128994515975,0.04781929062801072
GW241109_033317,IMRPhenomXPHM-SpinTaylor,IMRPhenomXPNR,final_mass_source,17821,19274,0.3459376692932334,11.822979402456774,0.02925977095260343,5.551115123125783e-17,459520999,4000,0.017909706260569338,0.030306905374105284,0.05114429547613503
GW241109_033317,IMRPhenomXPHM-SpinTaylor,IMRPhenomXPNR,final_spin,17821,19274,0.006810215871895628,0.07252562191042089,0.09390082694233468,8.673617379884035e-19,23862762,4000,0.06932298887962665,0.09477497292085019,0.1202384047995849
GW241109_033317,IMRPhenomXPHM-SpinTaylor,NRSur7dq4,chirp_mass_source,17821,17413,0.2406501460087003,5.733736344971808,0.04197091242602009,0.0,71661769,4000,0.028479366908045017,0.04465642382580633,0.059807827510520675
GW241109_033317,IMRPhenomXPHM-SpinTaylor,NRSur7dq4,chi_eff,17821,17413,0.014067602363894543,0.1731008995004043,0.0812682222015934,1.734723475976807e-18,53745230,4000,0.05844283474115897,0.08582698822213843,0.10524709776591011
GW241109_033317,IMRPhenomXPHM-SpinTaylor,NRSur7dq4,luminosity_distance,17821,17413,63.11955424682325,1728.4161812451043,0.03651872444364275,7.105427357601002e-15,743982876,4000,0.02516268743612534,0.03918860272672217,0.05636091774829601
GW241109_033317,IMRPhenomXPHM-SpinTaylor,NRSur7dq4,final_mass_source,17821,17413,0.599389295677475,12.260511497612939,0.04888778871861693,1.1102230246251565e-16,783663203,4000,0.03460269507300506,0.04965305733244742,0.0665099415466169
GW241109_033317,IMRPhenomXPHM-SpinTaylor,NRSur7dq4,final_spin,17821,17413,0.012379029344426862,0.07015103372838932,0.1764625364232831,0.0,568603893,4000,0.15162933060606912,0.1751477617374027,0.20078625957199187
GW241109_033317,IMRPhenomXPNR,NRSur7dq4,chirp_mass_source,19274,17413,0.37973317295852393,5.696844775789495,0.06665675262424518,5.551115123125783e-17,38111902,4000,0.05169083517408621,0.06672485537675457,0.08851489350750448
GW241109_033317,IMRPhenomXPNR,NRSur7dq4,chi_eff,19274,17413,0.016889836185148832,0.17202839943525775,0.09818051112836901,0.0,722245532,4000,0.07757097860324697,0.10150760713083293,0.12860280161421925
GW241109_033317,IMRPhenomXPNR,NRSur7dq4,luminosity_distance,19274,17413,107.73766273328476,1730.3037159273695,0.06226517445553883,1.4210854715202004e-14,473619521,4000,0.0464449999877113,0.06368189289326695,0.07912937980334933
GW241109_033317,IMRPhenomXPNR,NRSur7dq4,final_mass_source,19274,17413,0.7894997172047946,12.27140425345555,0.06433654216732991,0.0,410094336,4000,0.04525325416547464,0.06332871461830773,0.07955647340986609
GW241109_033317,IMRPhenomXPNR,NRSur7dq4,final_spin,19274,17413,0.005595836988837059,0.06892847691701703,0.08118323861375734,0.0,882549128,4000,0.05727395276065307,0.08112611010037543,0.1091882194861064
GW241125_010116,IMRPhenomXPHM-SpinTaylor,IMRPhenomXPNR,chirp_mass_source,15275,15669,0.6484871219679623,9.170272692415104,0.07071623099107376,1.1102230246251565e-16,702922149,4000,0.04771163262609932,0.07069234669046523,0.0914443412110205
GW241125_010116,IMRPhenomXPHM-SpinTaylor,IMRPhenomXPNR,chi_eff,15275,15669,0.02629837844488222,0.2082541788452677,0.12628019562777582,0.0,618316668,4000,0.10314292716672667,0.12490644675804566,0.14986279510212397
GW241125_010116,IMRPhenomXPHM-SpinTaylor,IMRPhenomXPNR,luminosity_distance,15275,15669,115.29094246430881,2605.692488416139,0.04424579760537591,0.0,389362389,4000,0.03042856221903137,0.04494952936693517,0.06590862486468328
GW241125_010116,IMRPhenomXPHM-SpinTaylor,IMRPhenomXPNR,final_mass_source,15275,15669,1.3671179204999833,18.5100963181074,0.07385795821940741,2.220446049250313e-16,312039276,4000,0.05390536967606667,0.07593270081094938,0.09609255173763766
GW241125_010116,IMRPhenomXPHM-SpinTaylor,IMRPhenomXPNR,final_spin,15275,15669,0.010090108882467134,0.08164824323386494,0.12358023250501607,1.734723475976807e-18,920235716,4000,0.10762005394140643,0.12696149160919787,0.15039941432268825
GW241125_010116,IMRPhenomXPHM-SpinTaylor,NRSur7dq4,chirp_mass_source,15275,15138,0.2542231188989679,8.974885234729665,0.028326057910491535,0.0,235748888,4000,0.018354874990946006,0.030591152611091875,0.04391440199758014
GW241125_010116,IMRPhenomXPHM-SpinTaylor,NRSur7dq4,chi_eff,15275,15138,0.02724894154804901,0.20555962456337898,0.13255979429777323,0.0,486953743,4000,0.11197913434693382,0.134287700888841,0.16252828472687164
GW241125_010116,IMRPhenomXPHM-SpinTaylor,NRSur7dq4,luminosity_distance,15275,15138,191.51450564022667,2562.5247868913975,0.07473664513214454,0.0,115658502,4000,0.055085399715114794,0.0755236953010198,0.09890023665005994
GW241125_010116,IMRPhenomXPHM-SpinTaylor,NRSur7dq4,final_mass_source,15275,15138,0.5345521785710005,18.360575343426845,0.02911413006250766,1.1102230246251565e-16,278925880,4000,0.01517614307644179,0.03127548142158481,0.04801886192909011
GW241125_010116,IMRPhenomXPHM-SpinTaylor,NRSur7dq4,final_spin,15275,15138,0.019998669344177194,0.0785973223938054,0.2544446647173998,3.469446951953614e-18,316911290,4000,0.231083725602847,0.2546828454621206,0.2794311690070914
GW241125_010116,IMRPhenomXPNR,NRSur7dq4,chirp_mass_source,15669,15138,0.7595734610544443,8.93337474186556,0.08502648584691773,2.220446049250313e-16,492137731,4000,0.06452749573584238,0.08410324047324497,0.10732983547341426
GW241125_010116,IMRPhenomXPNR,NRSur7dq4,chi_eff,15669,15138,0.0024155299920288727,0.19568251190154656,0.012344128090731963,4.336808689942018e-19,543453755,4000,0.015514389883072938,0.02116225625037281,0.03703551005695135
GW241125_010116,IMRPhenomXPNR,NRSur7dq4,luminosity_distance,15669,15138,289.245923120733,2524.2295124285993,0.11458780657486455,5.684341886080802e-14,626341208,4000,0.09159102295035129,0.11363409919298077,0.14043682043545708
GW241125_010116,IMRPhenomXPNR,NRSur7dq4,final_mass_source,15669,15138,1.7646015802242827,18.294555622988995,0.09645501189473435,4.440892098500626e-16,676822678,4000,0.08075842998293493,0.09885348549047046,0.1152171257771405
GW241125_010116,IMRPhenomXPNR,NRSur7dq4,final_spin,15669,15138,0.009968094593525647,0.07374536696358969,0.13516909609314434,1.734723475976807e-18,1015103126,4000,0.11090209014806601,0.1398628143677543,0.1613354088237013
GW241210_120900,IMRPhenomXPHM-SpinTaylor,IMRPhenomXPNR,chirp_mass_source,15608,15060,0.07561441444404682,4.687882243839047,0.01612975977445285,0.0,278408000,4000,0.013456781820158522,0.022536306470758383,0.03799143518477612
GW241210_120900,IMRPhenomXPHM-SpinTaylor,IMRPhenomXPNR,chi_eff,15608,15060,0.01886191288295998,0.2170730626028291,0.08689200150767189,0.0,66016328,4000,0.06612088555065704,0.08923499616940866,0.11417380333452516
GW241210_120900,IMRPhenomXPHM-SpinTaylor,IMRPhenomXPNR,luminosity_distance,15608,15060,49.27206625132018,1966.2007086173671,0.025059530309074252,0.0,550827584,4000,0.01318673799705763,0.030466913351264384,0.04521105101935115
GW241210_120900,IMRPhenomXPHM-SpinTaylor,IMRPhenomXPNR,final_mass_source,15608,15060,0.3396554662043604,10.942274587505192,0.031040663756711745,5.551115123125783e-17,803249820,4000,0.019668546857436908,0.03223396043104207,0.057199618313895764
GW241210_120900,IMRPhenomXPHM-SpinTaylor,IMRPhenomXPNR,final_spin,15608,15060,0.0077478731060528815,0.10415764798793259,0.07438602210901045,8.673617379884035e-19,376319462,4000,0.05442248031112308,0.07903817752041081,0.1047639629513663
GW241210_120900,IMRPhenomXPHM-SpinTaylor,NRSur7dq4,chirp_mass_source,15608,15700,0.2599227157813523,4.73918406985641,0.05484545692888176,0.0,427605391,4000,0.03335956959749665,0.057547344744680415,0.08264117405489171
GW241210_120900,IMRPhenomXPHM-SpinTaylor,NRSur7dq4,chi_eff,15608,15700,0.004328501502025198,0.21134349963832433,0.020480883062089134,8.673617379884035e-19,893752375,4000,0.016404977230011206,0.026670928496098,0.04018796509314136
GW241210_120900,IMRPhenomXPHM-SpinTaylor,NRSur7dq4,luminosity_distance,15608,15700,132.6315432070897,1948.746988521425,0.06805990925878037,0.0,100734069,4000,0.046670919449300345,0.06811789639990211,0.0904491723007454
GW241210_120900,IMRPhenomXPHM-SpinTaylor,NRSur7dq4,final_mass_source,15608,15700,0.8964315636137381,11.241251309110602,0.079744820124003,1.1102230246251565e-16,522571153,4000,0.05489031990561046,0.08104857047939978,0.09945030580763026
GW241210_120900,IMRPhenomXPHM-SpinTaylor,NRSur7dq4,final_spin,15608,15700,0.006290225206975746,0.10359393873810507,0.060720012035433944,8.673617379884035e-19,43862187,4000,0.034702073175608576,0.06194621100053517,0.08562096746854149
GW241210_120900,IMRPhenomXPNR,NRSur7dq4,chirp_mass_source,15060,15700,0.1892710001292142,4.719985112373903,0.040099914644438545,2.7755575615628914e-17,921367617,4000,0.026464135011364853,0.04098538153675581,0.06281932324702902
GW241210_120900,IMRPhenomXPNR,NRSur7dq4,chi_eff,15060,15700,0.020739793581105625,0.21806099927030448,0.09511005475764582,3.469446951953614e-18,376996216,4000,0.06854631252850865,0.09607725299767528,0.11404049542925863
GW241210_120900,IMRPhenomXPNR,NRSur7dq4,luminosity_distance,15060,15700,84.71913114194494,1937.5609925353401,0.043724626717989476,1.4210854715202004e-14,769313601,4000,0.024475576044508885,0.04431997124771381,0.07305744100053782
GW241210_120900,IMRPhenomXPNR,NRSur7dq4,final_mass_source,15060,15700,0.6970376428557195,11.13711149026597,0.06258693229972086,0.0,191216736,4000,0.042321919850491614,0.06243477507350148,0.08554318273578046
GW241210_120900,IMRPhenomXPNR,NRSur7dq4,final_spin,15060,15700,0.0018896859952105978,0.10554589754220822,0.017903926530682113,0.0,75754362,4000,0.016855737722060053,0.02750434600632247,0.045101115389387346
GW241229_155844,IMRPhenomXPHM-SpinTaylor,IMRPhenomXPNR,chirp_mass_source,16352,16354,0.12796799030502864,8.13200320163015,0.015736342833629978,0.0,171424066,4000,0.01348627097090606,0.02348889599434903,0.036725508825682956
GW241229_155844,IMRPhenomXPHM-SpinTaylor,IMRPhenomXPNR,chi_eff,16352,16354,0.009258687199711334,0.23775030300606315,0.038942903889696484,1.734723475976807e-18,834961013,4000,0.027679257143012188,0.044281770636814884,0.06227290113502283
GW241229_155844,IMRPhenomXPHM-SpinTaylor,IMRPhenomXPNR,luminosity_distance,16352,16354,127.25601026110412,3629.238340773354,0.03506410941144944,1.4210854715202004e-14,549116142,4000,0.015998801432457434,0.03604965330856152,0.05922017295604663
GW241229_155844,IMRPhenomXPHM-SpinTaylor,IMRPhenomXPNR,final_mass_source,16352,16354,0.21516518244464986,17.216264423554883,0.012497785649148488,5.551115123125783e-17,326555499,4000,0.013243190261309629,0.021924354298534378,0.03282640116524542
GW241229_155844,IMRPhenomXPHM-SpinTaylor,IMRPhenomXPNR,final_spin,16352,16354,0.004409330673030119,0.10936317754064356,0.04031823848014513,0.0,713337670,4000,0.028588966477586953,0.04380472352441819,0.06578108423027976
GW241229_155844,IMRPhenomXPHM-SpinTaylor,NRSur7dq4,chirp_mass_source,16352,15770,0.13024985790840773,8.285269588679796,0.01572065416994623,0.0,69213604,4000,0.012356773408877168,0.022676757168254257,0.04006075594821893
GW241229_155844,IMRPhenomXPHM-SpinTaylor,NRSur7dq4,chi_eff,16352,15770,0.007305212948656135,0.23505437180864158,0.031078821859154056,0.0,687491509,4000,0.02078231261137617,0.03391408617803904,0.05230877590843511
GW241229_155844,IMRPhenomXPHM-SpinTaylor,NRSur7dq4,luminosity_distance,16352,15770,184.0177114986243,3636.1357542733017,0.050608042145390435,2.842170943040401e-14,361188364,4000,0.022818255099003835,0.05295719064045799,0.07252223249482931
GW241229_155844,IMRPhenomXPHM-SpinTaylor,NRSur7dq4,final_mass_source,16352,15770,0.5978108465987908,17.568915008025876,0.03402662294886721,0.0,20832153,4000,0.022913673592737292,0.035971757825255156,0.0659231282483167
GW241229_155844,IMRPhenomXPHM-SpinTaylor,NRSur7dq4,final_spin,16352,15770,0.007149194008349003,0.10550082114317877,0.06776434468359813,8.673617379884035e-19,293586477,4000,0.056104134213623626,0.0732711107865653,0.08941581591200569
GW241229_155844,IMRPhenomXPNR,NRSur7dq4,chirp_mass_source,16354,15770,0.13568703343685606,8.270913167449303,0.016405326798842587,0.0,737651032,4000,0.014110027701341846,0.024801304854013606,0.037573824255191186
GW241229_155844,IMRPhenomXPNR,NRSur7dq4,chi_eff,16354,15770,0.0034043727609105443,0.23370462946620257,0.014566988975299145,4.336808689942018e-19,311971606,4000,0.015192490710885562,0.023408168724359323,0.03772348785800101
GW241229_155844,IMRPhenomXPNR,NRSur7dq4,luminosity_distance,16354,15770,59.59028410382988,3667.9283678281868,0.016246305305878648,0.0,106478690,4000,0.01237914655716299,0.02162447206381489,0.04455787553162199
GW241229_155844,IMRPhenomXPNR,NRSur7dq4,final_mass_source,16354,15770,0.5668953924447636,17.56366020364335,0.03227660896828149,1.1102230246251565e-16,349577248,4000,0.024261687345765906,0.03763172917857857,0.05749074594367101
GW241229_155844,IMRPhenomXPNR,NRSur7dq4,final_spin,16354,15770,0.004768753202616166,0.10384663257865256,0.04592111543919686,1.734723475976807e-18,481455398,4000,0.036846610554914803,0.04856883318723962,0.06321110811938932
GW241230_084504,IMRPhenomXPHM-SpinTaylor,IMRPhenomXPNR,chirp_mass_source,14400,14379,0.15819098146606192,4.022695869748928,0.03932461876018861,0.0,190832817,4000,0.024619651322419958,0.04258119225805817,0.06152530710733377
GW241230_084504,IMRPhenomXPHM-SpinTaylor,IMRPhenomXPNR,chi_eff,14400,14379,0.044664799391232086,0.18831465541800682,0.237181749301925,0.0,841908878,4000,0.21524545031576925,0.2383617382051182,0.25892562467242186
GW241230_084504,IMRPhenomXPHM-SpinTaylor,IMRPhenomXPNR,luminosity_distance,14400,14379,111.29886744446418,1157.1078438483814,0.09618711690199892,0.0,846676021,4000,0.07354957199881959,0.0974086867879573,0.12104110573028269
GW241230_084504,IMRPhenomXPHM-SpinTaylor,IMRPhenomXPNR,final_mass_source,14400,14379,0.38431085904803974,8.41697526952882,0.04565902200512862,1.1102230246251565e-16,123595582,4000,0.026709082594634316,0.04525170240962273,0.06463687531089075
GW241230_084504,IMRPhenomXPHM-SpinTaylor,IMRPhenomXPNR,final_spin,14400,14379,0.015994025024800757,0.06887964738123742,0.23220248118107345,3.469446951953614e-18,1008997073,4000,0.20897958999409186,0.2318293052742006,0.25186607993744264
GW241230_084504,IMRPhenomXPHM-SpinTaylor,NRSur7dq4,chirp_mass_source,14400,14624,0.07632286446099612,3.9769300841355992,0.01919140212332528,0.0,659483007,4000,0.014025140773065733,0.02396795958254698,0.039051411463459494
GW241230_084504,IMRPhenomXPHM-SpinTaylor,NRSur7dq4,chi_eff,14400,14624,0.00923870823945232,0.18589112397081248,0.04969956629506919,0.0,596111199,4000,0.02295096242873932,0.05069269426940931,0.07730064564831506
GW241230_084504,IMRPhenomXPHM-SpinTaylor,NRSur7dq4,luminosity_distance,14400,14624,43.39672066445301,1182.1620042206446,0.03670962229331914,0.0,110476217,4000,0.019546670343116246,0.037744231351652544,0.05782564941891521
GW241230_084504,IMRPhenomXPHM-SpinTaylor,NRSur7dq4,final_mass_source,14400,14624,0.10984831259929448,8.370901827603042,0.013122637782833596,0.0,579651669,4000,0.013006943520030881,0.020305756939083226,0.035636573019430705
GW241230_084504,IMRPhenomXPHM-SpinTaylor,NRSur7dq4,final_spin,14400,14624,0.009651412234018929,0.06604923067076662,0.1461245216031054,1.734723475976807e-18,902047239,4000,0.12356984851990434,0.14403187919332894,0.17906791223165444
GW241230_084504,IMRPhenomXPNR,NRSur7dq4,chirp_mass_source,14379,14624,0.10564495386863486,4.019567461902403,0.026282667194901275,1.3877787807814457e-17,32452301,4000,0.01616554580810652,0.026480138294628565,0.046280735200182284
GW241230_084504,IMRPhenomXPNR,NRSur7dq4,chi_eff,14379,14624,0.035436530464854434,0.18789226184432306,0.18860026547668657,0.0,114006315,4000,0.1678558294392132,0.18789839259830876,0.2138389378600917
GW241230_084504,IMRPhenomXPNR,NRSur7dq4,luminosity_distance,14379,14624,68.52469681361686,1172.1691708035878,0.05845973304914625,0.0,478561455,4000,0.04292838369246045,0.05957785474934993,0.07961360314635618
GW241230_084504,IMRPhenomXPNR,NRSur7dq4,final_mass_source,14379,14624,0.4823899081796779,8.418640892138974,0.057300212036614645,1.1102230246251565e-16,353962584,4000,0.03192321164574889,0.05723554592591836,0.08246688815203472
GW241230_084504,IMRPhenomXPNR,NRSur7dq4,final_spin,14379,14624,0.006353015652544754,0.06679194790752485,0.09511649010956628,8.673617379884035e-19,499619808,4000,0.0710079458283885,0.09639621782063348,0.11327818166804321
GW250104_015122,IMRPhenomXPHM-SpinTaylor,IMRPhenomXPNR,chirp_mass_source,14861,15844,0.0580542011642589,5.610146022788161,0.010348073103346213,0.0,224013453,4000,0.01287840485837425,0.020054934558187507,0.03315171631972557
GW250104_015122,IMRPhenomXPHM-SpinTaylor,IMRPhenomXPNR,chi_eff,14861,15844,0.03133658990763994,0.18086435609957932,0.17326017454974274,0.0,709090518,4000,0.15190872338852163,0.17174253759493166,0.19099728443228842
GW250104_015122,IMRPhenomXPHM-SpinTaylor,IMRPhenomXPNR,luminosity_distance,14861,15844,98.5106957149317,2123.239240760058,0.04639641818209225,0.0,562209072,4000,0.02982156894609709,0.04647577543563952,0.07150247699786914
GW250104_015122,IMRPhenomXPHM-SpinTaylor,IMRPhenomXPNR,final_mass_source,14861,15844,0.04751338154051862,11.585939917711123,0.004100951832823349,0.0,260195456,4000,0.010345467477612088,0.017072822288401297,0.029725837918209815
GW250104_015122,IMRPhenomXPHM-SpinTaylor,IMRPhenomXPNR,final_spin,14861,15844,0.011016216229057029,0.07405866166349939,0.14874986911202165,0.0,834370019,4000,0.12626758350702014,0.146125922915134,0.1708188884850267
GW250104_015122,IMRPhenomXPHM-SpinTaylor,NRSur7dq4,chirp_mass_source,14861,16154,0.5936703696336776,5.908604387185431,0.10047556592572497,1.1102230246251565e-16,724137816,4000,0.07996310191774579,0.09846092517822802,0.12571433072998708
GW250104_015122,IMRPhenomXPHM-SpinTaylor,NRSur7dq4,chi_eff,14861,16154,0.026590860240004954,0.17827009997460636,0.14916051678768724,0.0,278091759,4000,0.1271464606528371,0.1495314962894812,0.17699818597198644
GW250104_015122,IMRPhenomXPHM-SpinTaylor,NRSur7dq4,luminosity_distance,14861,16154,340.3792213705204,2185.7064304636424,0.15572961520652046,0.0,42501696,4000,0.1377887327813022,0.1545014225600605,0.1742412503968425
GW250104_015122,IMRPhenomXPHM-SpinTaylor,NRSur7dq4,final_mass_source,14861,16154,0.9516714304375021,12.140236649335023,0.07838985828086223,1.1102230246251565e-16,978081352,4000,0.06116483219324388,0.08105433775768273,0.10230970938838344
GW250104_015122,IMRPhenomXPHM-SpinTaylor,NRSur7dq4,final_spin,14861,16154,0.017962462799015387,0.06984361008268941,0.2571811906307424,0.0,189834122,4000,0.2419618411593495,0.2598681302428175,0.28059893852942
GW250104_015122,IMRPhenomXPNR,NRSur7dq4,chirp_mass_source,15844,16154,0.5572231736095409,5.852487031895436,0.09521134700046895,0.0,462714591,4000,0.07287770344290884,0.09520586191463172,0.11788551615668126
GW250104_015122,IMRPhenomXPNR,NRSur7dq4,chi_eff,15844,16154,0.004825555687364622,0.17321242276186105,0.027859177825824755,0.0,323139700,4000,0.018425183978476076,0.030750836298284644,0.0467369177531058
GW250104_015122,IMRPhenomXPNR,NRSur7dq4,luminosity_distance,15844,16154,243.07160444418994,2159.502471728286,0.11255907674403155,0.0,682515973,4000,0.09294284047008258,0.11156284289345032,0.1404190237857829
GW250104_015122,IMRPhenomXPNR,NRSur7dq4,final_mass_source,15844,16154,0.9752083517534044,12.132737267415287,0.08037826339259048,1.1102230246251565e-16,584592926,4000,0.05838771300734062,0.08345177344033544,0.10080260212888692
GW250104_015122,IMRPhenomXPNR,NRSur7dq4,final_spin,15844,16154,0.007108118227133208,0.06637894696291097,0.10708392573785251,8.673617379884035e-19,339224285,4000,0.09212417478364163,0.10796494443953336,0.13000275587706114
GW250109_074552,IMRPhenomXPHM-SpinTaylor,IMRPhenomXPNR,chirp_mass_source,15817,14922,0.34123076101242045,3.5117555856052363,0.09716814074736091,0.0,825047500,4000,0.06610794259905366,0.0981613408228981,0.11805416479592945
GW250109_074552,IMRPhenomXPHM-SpinTaylor,IMRPhenomXPNR,chi_eff,15817,14922,0.045504009357252136,0.15675430310420288,0.2902887414006314,1.3877787807814457e-17,154154188,4000,0.2716185900695431,0.2899356675442418,0.31984326491104037
GW250109_074552,IMRPhenomXPHM-SpinTaylor,IMRPhenomXPNR,luminosity_distance,15817,14922,36.11847329882029,1060.3550301466398,0.03406262268008985,0.0,99346336,4000,0.020538860144530637,0.03382211548420737,0.055857057790881404
GW250109_074552,IMRPhenomXPHM-SpinTaylor,IMRPhenomXPNR,final_mass_source,15817,14922,0.6223467387778624,7.407632301423568,0.08401425900395493,1.1102230246251565e-16,445441745,4000,0.061993986470110896,0.0842105727280225,0.10402573711389135
GW250109_074552,IMRPhenomXPHM-SpinTaylor,IMRPhenomXPNR,final_spin,15817,14922,0.016374130290776463,0.0640334747018898,0.2557120376023139,3.469446951953614e-18,294208909,4000,0.23045722101935498,0.25453535253761683,0.2803040675203696
GW250109_074552,IMRPhenomXPHM-SpinTaylor,NRSur7dq4,chirp_mass_source,15817,18018,0.14373530697890508,3.546123654781203,0.04053307807952726,0.0,913670659,4000,0.019985579132290272,0.0431288363632238,0.06319820034717179
GW250109_074552,IMRPhenomXPHM-SpinTaylor,NRSur7dq4,chi_eff,15817,18018,0.014575544674913697,0.15812195913418697,0.09217913030374522,1.734723475976807e-18,299585243,4000,0.07088414652380277,0.09370510139875933,0.11711398404926633
GW250109_074552,IMRPhenomXPHM-SpinTaylor,NRSur7dq4,luminosity_distance,15817,18018,11.56209597524126,1071.2636120323482,0.010792951282370383,3.552713678800501e-15,362813164,4000,0.01168997017262983,0.018544761817711003,0.02949970417618835
GW250109_074552,IMRPhenomXPHM-SpinTaylor,NRSur7dq4,final_mass_source,15817,18018,0.4009519919796386,7.453760394121957,0.05379190781284434,0.0,155885409,4000,0.03574300757312459,0.056263031112444704,0.07818055162229308
GW250109_074552,IMRPhenomXPHM-SpinTaylor,NRSur7dq4,final_spin,15817,18018,0.009306860505869536,0.06241603493597547,0.14911008870422862,1.734723475976807e-18,696087617,4000,0.12188822524988653,0.14868681960725572,0.17287828755271806
GW250109_074552,IMRPhenomXPNR,NRSur7dq4,chirp_mass_source,14922,18018,0.19775407387189908,3.498434639496052,0.05652644518189011,0.0,228115772,4000,0.030423101463556305,0.05643075130322184,0.07935454604363461
GW250109_074552,IMRPhenomXPNR,NRSur7dq4,chi_eff,14922,18018,0.030939636967818537,0.15336902501013358,0.2017332832739483,3.469446951953614e-18,1014866318,4000,0.1813810353056784,0.20462534392457116,0.2268711349129532
GW250109_074552,IMRPhenomXPNR,NRSur7dq4,luminosity_distance,14922,18018,35.87676912756753,1070.4944438930725,0.03351420395709323,7.105427357601002e-15,1000032960,4000,0.015504073930181795,0.032443770901995655,0.05274729562701461
GW250109_074552,IMRPhenomXPNR,NRSur7dq4,final_mass_source,14922,18018,0.22791537054289276,7.40143658349978,0.030793396386181376,0.0,331433303,4000,0.016097294918865624,0.029115466747881086,0.050231857752983146
GW250109_074552,IMRPhenomXPNR,NRSur7dq4,final_spin,14922,18018,0.007095115729018884,0.060682345974798046,0.11692223850352709,0.0,968831144,4000,0.09486384018378542,0.11437547791476202,0.1471612028622771
GW250118_023225,IMRPhenomXPHM-SpinTaylor,IMRPhenomXPNR,chirp_mass_source,16696,16499,0.3806326663859606,6.300322973164519,0.06041478635416318,0.0,435049422,4000,0.04377360788756194,0.0601897787282777,0.07969285018433939
GW250118_023225,IMRPhenomXPHM-SpinTaylor,IMRPhenomXPNR,chi_eff,16696,16499,0.020356825175118446,0.22251379512632563,0.09148567693774429,3.469446951953614e-18,66445646,4000,0.0717088957789279,0.09361714840183968,0.11584622835072268
GW250118_023225,IMRPhenomXPHM-SpinTaylor,IMRPhenomXPNR,luminosity_distance,16696,16499,214.66644087795376,2893.136520966668,0.07419851753356888,2.842170943040401e-14,764803457,4000,0.052169023815215015,0.07358280631260866,0.09301978362875125
GW250118_023225,IMRPhenomXPHM-SpinTaylor,IMRPhenomXPNR,final_mass_source,16696,16499,0.6232605086909534,13.246877675149229,0.0470496160661446,1.1102230246251565e-16,260625765,4000,0.03093628842446077,0.048793077258758505,0.06856993774065862
GW250118_023225,IMRPhenomXPHM-SpinTaylor,IMRPhenomXPNR,final_spin,16696,16499,0.007432754534459251,0.09285217978582988,0.08004932734593226,8.673617379884035e-19,99090398,4000,0.05499875980131505,0.08258289894134661,0.10532877679547833
GW250118_023225,IMRPhenomXPHM-SpinTaylor,NRSur7dq4,chirp_mass_source,16696,16413,0.13140484442430198,6.195156578826349,0.021210899636243924,2.7755575615628914e-17,507057790,4000,0.01703191825833006,0.027451147438060704,0.04348471550779653
GW250118_023225,IMRPhenomXPHM-SpinTaylor,NRSur7dq4,chi_eff,16696,16413,0.013100506454780357,0.22285622213242323,0.058784566701466895,0.0,232274921,4000,0.037421568456655084,0.06214158011708722,0.08361647350674213
GW250118_023225,IMRPhenomXPHM-SpinTaylor,NRSur7dq4,luminosity_distance,16696,16413,24.228089005422582,2939.150413586068,0.008243228687252451,0.0,974900260,4000,0.011331655376276294,0.01862173084634963,0.0341775377257704
GW250118_023225,IMRPhenomXPHM-SpinTaylor,NRSur7dq4,final_mass_source,16696,16413,0.4167621669505994,13.085001349009318,0.031850372486369904,1.1102230246251565e-16,970440665,4000,0.018484020885527398,0.03606076403525497,0.0526068017889337
GW250118_023225,IMRPhenomXPHM-SpinTaylor,NRSur7dq4,final_spin,16696,16413,0.005303876407736868,0.09175948139131129,0.057801944031465415,0.0,663963052,4000,0.04354187550578527,0.059987285534019726,0.08037361501163898
GW250118_023225,IMRPhenomXPNR,NRSur7dq4,chirp_mass_source,16499,16413,0.40888150851970834,6.197731904963412,0.06597276468061782,5.551115123125783e-17,455905443,4000,0.04631727740782643,0.0686301079209449,0.08549296749610492
GW250118_023225,IMRPhenomXPNR,NRSur7dq4,chi_eff,16499,16413,0.03316647884837149,0.22032705638455263,0.15053293677415475,0.0,164622794,4000,0.1284001484576392,0.148711785087058,0.18020205866850775
GW250118_023225,IMRPhenomXPNR,NRSur7dq4,luminosity_distance,16499,16413,227.5230506482978,2873.53759183929,0.07917872774466303,0.0,487138780,4000,0.0590106963622888,0.07908288721407303,0.10033586766954175
GW250118_023225,IMRPhenomXPNR,NRSur7dq4,final_mass_source,16499,16413,1.005930040959758,13.236104128543467,0.07599895189631249,0.0,356917068,4000,0.05758053097449034,0.07615798641055027,0.09428411051583382
GW250118_023225,IMRPhenomXPNR,NRSur7dq4,final_spin,16499,16413,0.0032249404932166003,0.08934341790314043,0.036096005379073856,0.0,34549981,4000,0.0221707170252483,0.04124469353798983,0.059590048215247285
GW250118_170523,IMRPhenomXPHM-SpinTaylor,IMRPhenomXPNR,chirp_mass_source,16711,17577,0.023539562415340096,2.4557275477599703,0.009585575743861353,0.0,979003209,4000,0.013539762189901395,0.02069566676026563,0.036840366214497086
GW250118_170523,IMRPhenomXPHM-SpinTaylor,IMRPhenomXPNR,chi_eff,16711,17577,0.026462565126155208,0.157288921294248,0.16824176113872893,3.469446951953614e-18,746835229,4000,0.1476340922742145,0.1710316544357259,0.19852293605340102
GW250118_170523,IMRPhenomXPHM-SpinTaylor,IMRPhenomXPNR,luminosity_distance,16711,17577,40.58753519681824,574.0700422919797,0.07070136430525471,0.0,808263237,4000,0.05040888552965815,0.07156054394545361,0.09438171298782703
GW250118_170523,IMRPhenomXPHM-SpinTaylor,IMRPhenomXPNR,final_mass_source,16711,17577,0.04629513854655694,5.278997673286394,0.008769683453513685,0.0,91355534,4000,0.01248850216835381,0.02033427807309689,0.032018041415399094
GW250118_170523,IMRPhenomXPHM-SpinTaylor,IMRPhenomXPNR,final_spin,16711,17577,0.004788902028813857,0.0610634046996254,0.07842507394356336,8.673617379884035e-19,304351254,4000,0.05820485284924185,0.07994258148730363,0.1033142519068016
GW250118_170523,IMRPhenomXPHM-SpinTaylor,NRSur7dq4,chirp_mass_source,16711,16436,0.4277529348935377,2.6901491812936023,0.15900714275178068,0.0,563886818,4000,0.13976425247848973,0.16003277436305616,0.18550214182618302
GW250118_170523,IMRPhenomXPHM-SpinTaylor,NRSur7dq4,chi_eff,16711,16436,0.01156555494019152,0.16299411411670006,0.07095688701931192,0.0,494832154,4000,0.057551923828681226,0.07272819931937287,0.09553563733141197
GW250118_170523,IMRPhenomXPHM-SpinTaylor,NRSur7dq4,luminosity_distance,16711,16436,21.813726925380895,593.0809580272305,0.03678035288460458,3.552713678800501e-15,23056047,4000,0.02077020141998843,0.04192927323610926,0.06339814891407006
GW250118_170523,IMRPhenomXPHM-SpinTaylor,NRSur7dq4,final_mass_source,16711,16436,0.7254189353393178,5.6398124955242395,0.12862465479393348,0.0,592213783,4000,0.1116446792374696,0.13382365869829987,0.1540060493756971
GW250118_170523,IMRPhenomXPHM-SpinTaylor,NRSur7dq4,final_spin,16711,16436,0.004637028636737357,0.062324904788460755,0.07440089403226632,0.0,836738954,4000,0.0556470346530964,0.07783397591703711,0.09430549523590309
GW250118_170523,IMRPhenomXPNR,NRSur7dq4,chirp_mass_source,17577,16436,0.40753632179665633,2.697366634756886,0.15108673642854178,0.0,99036344,4000,0.12281854988476852,0.14853191032955038,0.17654490355645408
GW250118_170523,IMRPhenomXPNR,NRSur7dq4,chi_eff,17577,16436,0.03711414848041303,0.16412398466431344,0.22613482457377238,0.0,680574056,4000,0.2045350719389071,0.22737508948259622,0.25275658007346913
GW250118_170523,IMRPhenomXPNR,NRSur7dq4,luminosity_distance,17577,16436,26.51351812004893,568.0157505118025,0.046677434729863215,0.0,594559847,4000,0.03416537310754709,0.04857507001832586,0.06595628578435357
GW250118_170523,IMRPhenomXPNR,NRSur7dq4,final_mass_source,17577,16436,0.6922688195274783,5.6583484346498345,0.12234467840266879,1.1102230246251565e-16,63644067,4000,0.1007304391955784,0.1272109078923705,0.14663140604886718
GW250118_170523,IMRPhenomXPNR,NRSur7dq4,final_spin,17577,16436,0.009411204301972547,0.06338541291341654,0.14847586959523482,0.0,497447116,4000,0.12411093122155799,0.14766711535640445,0.17253211293695223
