event,model,parameter,median,lower_error,upper_error,q05_reconstructed,q95_reconstructed,mask_pass,finite_pass,nonnegative_error_pass,positive_width_pass,triplet_pass
GW240414_054515,IMRPhenomXPHM-SpinTaylor,chirp_mass_source,27.143716926409326,2.7983620901573616,3.6062016416558222,24.345354836251964,30.749918568065148,True,True,True,True,True
GW240414_054515,IMRPhenomXPHM-SpinTaylor,chi_eff,0.029907255213019377,0.21224724303760453,0.2178562772881798,-0.18233998782458516,0.24776353250119917,True,True,True,True,True
GW240414_054515,IMRPhenomXPHM-SpinTaylor,luminosity_distance,1525.4837741479232,581.3992772640466,683.327356494497,944.0844968838766,2208.8111306424203,True,True,True,True,True
GW240414_054515,IMRPhenomXPHM-SpinTaylor,final_mass_source,62.15029285990327,5.976557196175143,8.040249521265103,56.173735663728124,70.19054238116837,True,True,True,True,True
GW240414_054515,IMRPhenomXPHM-SpinTaylor,final_spin,0.6872747595571176,0.12142251602203669,0.10511022947007143,0.5658522435350809,0.792384989027189,True,True,True,True,True
GW240414_054515,IMRPhenomXPNR,chirp_mass_source,26.83325248983353,2.7380645082914192,3.4193210184079454,24.09518798154211,30.252573508241476,True,True,True,True,True
GW240414_054515,IMRPhenomXPNR,chi_eff,-0.007431170396127879,0.21981204172085547,0.20276642109269769,-0.22724321211698334,0.19533525069656982,True,True,True,True,True
GW240414_054515,IMRPhenomXPNR,luminosity_distance,1501.6581250543902,573.5799162957783,701.1007907191995,928.0782087586119,2202.7589157735897,True,True,True,True,True
GW240414_054515,IMRPhenomXPNR,final_mass_source,61.84321164738564,5.8845491719122975,8.222617539781346,55.95866247547334,70.06582918716698,True,True,True,True,True
GW240414_054515,IMRPhenomXPNR,final_spin,0.6686003101633594,0.12090505403670893,0.09046967430753083,0.5476952561266505,0.7590699844708902,True,True,True,True,True
GW240414_054515,NRSur7dq4,chirp_mass_source,26.977597166956762,2.5947556227279165,3.5229935658268445,24.382841544228846,30.500590732783607,True,True,True,True,True
GW240414_054515,NRSur7dq4,chi_eff,0.009472720261037583,0.20395282566027653,0.19785611878636458,-0.19448010539923896,0.20732883904740215,True,True,True,True,True
GW240414_054515,NRSur7dq4,luminosity_distance,1528.0753767816102,574.4348479252485,697.8586929535165,953.6405288563617,2225.9340697351267,True,True,True,True,True
GW240414_054515,NRSur7dq4,final_mass_source,61.770514142900225,5.756540847871612,7.4024235583353,56.01397329502861,69.17293770123553,True,True,True,True,True
GW240414_054515,NRSur7dq4,final_spin,0.6751135488754512,0.11389272638949555,0.0843532586847805,0.5612208224859556,0.7594668075602317,True,True,True,True,True
GW240420_175625,IMRPhenomXPHM-SpinTaylor,chirp_mass_source,24.659559175050042,3.779042577724315,4.619076947489646,20.880516597325727,29.278636122539687,True,True,True,True,True
GW240420_175625,IMRPhenomXPHM-SpinTaylor,chi_eff,0.00447105612705628,0.25195475540111595,0.22845448619866063,-0.24748369927405967,0.2329255423257169,True,True,True,True,True
GW240420_175625,IMRPhenomXPHM-SpinTaylor,luminosity_distance,2031.0870452586028,1076.7555221916732,1550.3609502000231,954.3315230669295,3581.447995458626,True,True,True,True,True
GW240420_175625,IMRPhenomXPHM-SpinTaylor,final_mass_source,56.03102542516268,8.25498323316122,9.796710638039585,47.77604219200146,65.82773606320227,True,True,True,True,True
GW240420_175625,IMRPhenomXPHM-SpinTaylor,final_spin,0.6806027620818915,0.11046551294595341,0.09591083523455679,0.5701372491359381,0.7765135973164483,True,True,True,True,True
GW240420_175625,IMRPhenomXPNR,chirp_mass_source,24.61933934114537,3.626271933148601,4.522492329474517,20.99306740799677,29.141831670619887,True,True,True,True,True
GW240420_175625,IMRPhenomXPNR,chi_eff,-0.02104066292962241,0.24573183753854427,0.23128372307500944,-0.2667725004681667,0.21024306014538702,True,True,True,True,True
GW240420_175625,IMRPhenomXPNR,luminosity_distance,2023.2451491597171,1063.0370507504965,1499.761333553075,960.2080984092206,3523.006482712792,True,True,True,True,True
GW240420_175625,IMRPhenomXPNR,final_mass_source,56.01317533140761,8.131456058232075,9.770669338945325,47.881719273175534,65.78384467035293,True,True,True,True,True
GW240420_175625,IMRPhenomXPNR,final_spin,0.6720175409131851,0.10937729003514851,0.09741638407160402,0.5626402508780366,0.7694339249847891,True,True,True,True,True
GW240420_175625,NRSur7dq4,chirp_mass_source,24.743306465483194,3.7118298864636188,4.680508868543416,21.031476579019575,29.42381533402661,True,True,True,True,True
GW240420_175625,NRSur7dq4,chi_eff,-0.006989492658874054,0.2330432800459848,0.22739674283864975,-0.24003277270485884,0.2204072501797757,True,True,True,True,True
GW240420_175625,NRSur7dq4,luminosity_distance,1986.628695426889,1049.3566687975137,1535.9006363946141,937.2720266293752,3522.529331821503,True,True,True,True,True
GW240420_175625,NRSur7dq4,final_mass_source,56.15984853190318,8.250870133578609,10.042530738749335,47.90897839832457,66.20237927065251,True,True,True,True,True
GW240420_175625,NRSur7dq4,final_spin,0.6704284782485217,0.10063980642943438,0.08911172223072716,0.5697886718190873,0.7595402004792489,True,True,True,True,True
GW240426_031451,IMRPhenomXPHM-SpinTaylor,chirp_mass_source,37.103371298075444,6.2509391208950085,8.175062153446824,30.852432177180436,45.27843345152227,True,True,True,True,True
GW240426_031451,IMRPhenomXPHM-SpinTaylor,chi_eff,-0.047000177712996756,0.28404714577086754,0.24394468747677056,-0.3310473234838643,0.1969445097637738,True,True,True,True,True
GW240426_031451,IMRPhenomXPHM-SpinTaylor,luminosity_distance,4000.28803911404,1969.659397394074,2608.553827063524,2030.6286417199663,6608.841866177564,True,True,True,True,True
GW240426_031451,IMRPhenomXPHM-SpinTaylor,final_mass_source,84.2618393965479,12.774869744066919,16.9449221211476,71.48696965248098,101.2067615176955,True,True,True,True,True
GW240426_031451,IMRPhenomXPHM-SpinTaylor,final_spin,0.6721064012809714,0.13272012457887128,0.1064308357032232,0.5393862767021002,0.7785372369841946,True,True,True,True,True
GW240426_031451,IMRPhenomXPNR,chirp_mass_source,37.40736106492003,6.307080689734928,8.238147896840701,31.100280375185104,45.64550896176073,True,True,True,True,True
GW240426_031451,IMRPhenomXPNR,chi_eff,-0.07535700516435578,0.27435133023143615,0.2355104571571965,-0.34970833539579194,0.16015345199284073,True,True,True,True,True
GW240426_031451,IMRPhenomXPNR,luminosity_distance,3910.8932590191985,1901.6621705118357,2575.6462349661674,2009.2310885073628,6486.539493985366,True,True,True,True,True
GW240426_031451,IMRPhenomXPNR,final_mass_source,84.58415762494698,13.309009346908951,17.33775242451904,71.27514827803803,101.92191004946602,True,True,True,True,True
GW240426_031451,IMRPhenomXPNR,final_spin,0.6615660392409382,0.12044957260283928,0.09426382147667012,0.5411164666380989,0.7558298607176083,True,True,True,True,True
GW240426_031451,NRSur7dq4,chirp_mass_source,36.99666136105294,6.083187670941971,7.877781500532187,30.913473690110965,44.87444286158512,True,True,True,True,True
GW240426_031451,NRSur7dq4,chi_eff,-0.04837643299734035,0.28546647923615676,0.23366183137642066,-0.3338429122334971,0.1852853983790803,True,True,True,True,True
GW240426_031451,NRSur7dq4,luminosity_distance,4013.9800748089215,1960.1611789136196,2637.62585265188,2053.818895895302,6651.6059274608015,True,True,True,True,True
GW240426_031451,NRSur7dq4,final_mass_source,83.64939186662276,12.8731697610244,16.458192704183446,70.77622210559836,100.10758457080621,True,True,True,True,True
GW240426_031451,NRSur7dq4,final_spin,0.6649075011910153,0.1221558292374747,0.08942417751721743,0.5427516719535406,0.7543316787082327,True,True,True,True,True
GW240505_133552,IMRPhenomXPHM-SpinTaylor,chirp_mass_source,22.978458767642373,3.391499996566491,5.284942382086946,19.58695877107588,28.26340114972932,True,True,True,True,True
GW240505_133552,IMRPhenomXPHM-SpinTaylor,chi_eff,-0.1309980413801971,0.2976232833061429,0.254150756614911,-0.42862132468634,0.12315271523471388,True,True,True,True,True
GW240505_133552,IMRPhenomXPHM-SpinTaylor,luminosity_distance,4693.063597022441,2125.3325720136654,2588.560531305723,2567.7310250087758,7281.624128328164,True,True,True,True,True
GW240505_133552,IMRPhenomXPHM-SpinTaylor,final_mass_source,51.7763684432864,7.332516202878878,11.255640063799902,44.44385224040752,63.0320085070863,True,True,True,True,True
GW240505_133552,IMRPhenomXPHM-SpinTaylor,final_spin,0.6516564869410084,0.13100816283297878,0.10433477889778697,0.5206483241080296,0.7559912658387954,True,True,True,True,True
GW240505_133552,IMRPhenomXPNR,chirp_mass_source,23.03502510326871,3.518586281610638,5.295996651848302,19.51643882165807,28.33102175511701,True,True,True,True,True
GW240505_133552,IMRPhenomXPNR,chi_eff,-0.15468497193733102,0.31099526042598613,0.24768093789645967,-0.4656802323633171,0.09299596595912865,True,True,True,True,True
GW240505_133552,IMRPhenomXPNR,luminosity_distance,4660.510246879368,2114.9040168796028,2642.437821420908,2545.6062299997657,7302.948068300277,True,True,True,True,True
GW240505_133552,IMRPhenomXPNR,final_mass_source,51.93315806734677,7.664039978427859,11.287757833385221,44.26911808891891,63.22091590073199,True,True,True,True,True
GW240505_133552,IMRPhenomXPNR,final_spin,0.6417940442859725,0.13841725048803766,0.09402945630037829,0.5033767937979349,0.7358235005863508,True,True,True,True,True
GW240505_133552,NRSur7dq4,chirp_mass_source,23.083732806288843,3.437402724225773,5.309358492328009,19.64633008206307,28.393091298616852,True,True,True,True,True
GW240505_133552,NRSur7dq4,chi_eff,-0.1365568172725469,0.30780280612794464,0.253311336165469,-0.4443596234004915,0.11675451889292213,True,True,True,True,True
GW240505_133552,NRSur7dq4,luminosity_distance,4683.736388544503,2179.105550927732,2563.566643373203,2504.630837616771,7247.303031917706,True,True,True,True,True
GW240505_133552,NRSur7dq4,final_mass_source,51.960275750216866,7.572864619180905,11.245154274763351,44.38741113103596,63.20543002498022,True,True,True,True,True
GW240505_133552,NRSur7dq4,final_spin,0.6444111907669765,0.1327381718984435,0.09147726220185948,0.511673018868533,0.735888452968836,True,True,True,True,True
GW240515_005301,IMRPhenomXPHM-SpinTaylor,chirp_mass_source,22.43484268854728,2.650852593191594,4.780446287504635,19.783990095355687,27.215288976051916,True,True,True,True,True
GW240515_005301,IMRPhenomXPHM-SpinTaylor,chi_eff,0.4730403399275578,0.18927108893596117,0.17383196576905124,0.2837692509915966,0.646872305696609,True,True,True,True,True
GW240515_005301,IMRPhenomXPHM-SpinTaylor,luminosity_distance,3830.583792167333,1899.5442871433822,1839.4963126444654,1931.0395050239506,5670.080104811798,True,True,True,True,True
GW240515_005301,IMRPhenomXPHM-SpinTaylor,final_mass_source,53.188322220192916,7.993372968033988,10.341775544519386,45.19494925215893,63.5300977647123,True,True,True,True,True
GW240515_005301,IMRPhenomXPHM-SpinTaylor,final_spin,0.8401088757824052,0.09297633076397493,0.060993366241840374,0.7471325450184303,0.9011022420242456,True,True,True,True,True
GW240515_005301,IMRPhenomXPNR,chirp_mass_source,22.393809456853745,2.671601980740558,4.776703194234532,19.722207476113187,27.170512651088277,True,True,True,True,True
GW240515_005301,IMRPhenomXPNR,chi_eff,0.4354702825037305,0.20173977512266786,0.17752687498319447,0.23373050738106263,0.612997157486925,True,True,True,True,True
GW240515_005301,IMRPhenomXPNR,luminosity_distance,3700.3895184809467,1833.9705322481534,1793.5521882218095,1866.4189862327933,5493.941706702756,True,True,True,True,True
GW240515_005301,IMRPhenomXPNR,final_mass_source,52.802000120210145,7.846760463045236,10.21316327471424,44.95523965716491,63.015163394924386,True,True,True,True,True
GW240515_005301,IMRPhenomXPNR,final_spin,0.8315821779099917,0.09888366249201241,0.060782239352745515,0.7326985154179793,0.8923644172627372,True,True,True,True,True
GW240515_005301,NRSur7dq4,chirp_mass_source,22.280555520119073,2.580281264128537,4.870460057815599,19.700274255990536,27.151015577934672,True,True,True,True,True
GW240515_005301,NRSur7dq4,chi_eff,0.44940642670862235,0.18605484553209034,0.18044709814214005,0.263351581176532,0.6298535248507624,True,True,True,True,True
GW240515_005301,NRSur7dq4,luminosity_distance,3794.0596350462397,1876.5093763765615,1840.2076134961503,1917.5502586696782,5634.26724854239,True,True,True,True,True
GW240515_005301,NRSur7dq4,final_mass_source,52.83838550747408,8.090381489770628,10.633594521334487,44.74800401770345,63.47198002880857,True,True,True,True,True
GW240515_005301,NRSur7dq4,final_spin,0.8255368312105211,0.0917965432823441,0.06139937237302262,0.733740287928177,0.8869362035835437,True,True,True,True,True
GW240618_071627,IMRPhenomXPHM-SpinTaylor,chirp_mass_source,43.224314130788315,10.05540921560982,13.202902734907447,33.168904915178494,56.42721686569576,True,True,True,True,True
GW240618_071627,IMRPhenomXPHM-SpinTaylor,chi_eff,0.0006164860384459548,0.32100173810600074,0.2978842558180672,-0.3203852520675548,0.29850074185651315,True,True,True,True,True
GW240618_071627,IMRPhenomXPHM-SpinTaylor,luminosity_distance,5479.306190965877,2909.0642225865768,5112.346992671641,2570.2419683793005,10591.653183637518,True,True,True,True,True
GW240618_071627,IMRPhenomXPHM-SpinTaylor,final_mass_source,100.6393522336373,23.015842061937008,28.072666447407315,77.62351017170029,128.7120186810446,True,True,True,True,True
GW240618_071627,IMRPhenomXPHM-SpinTaylor,final_spin,0.6819784031751038,0.1699645827987062,0.1251780042797892,0.5120138203763976,0.807156407454893,True,True,True,True,True
GW240618_071627,IMRPhenomXPNR,chirp_mass_source,43.056873432911004,10.17416463135342,12.660486564231135,32.882708801557584,55.71735999714214,True,True,True,True,True
GW240618_071627,IMRPhenomXPNR,chi_eff,-0.022613158507317616,0.3212067838367609,0.2782453496031216,-0.3438199423440785,0.255632191095804,True,True,True,True,True
GW240618_071627,IMRPhenomXPNR,luminosity_distance,5334.138005789359,2819.7409348136825,5066.658355082215,2514.397070975677,10400.796360871575,True,True,True,True,True
GW240618_071627,IMRPhenomXPNR,final_mass_source,99.98211942256023,22.72354883546258,27.277776914756345,77.25857058709765,127.25989633731658,True,True,True,True,True
GW240618_071627,IMRPhenomXPNR,final_spin,0.6670708255685294,0.16971187428303952,0.11825375443589803,0.49735895128548985,0.7853245800044274,True,True,True,True,True
GW240618_071627,NRSur7dq4,chirp_mass_source,42.91799252698309,9.887928646634457,13.405178540184544,33.030063880348635,56.323171067167635,True,True,True,True,True
GW240618_071627,NRSur7dq4,chi_eff,-0.010010839276063697,0.3207900333642362,0.2894127305040386,-0.33080087264029995,0.2794018912279749,True,True,True,True,True
GW240618_071627,NRSur7dq4,luminosity_distance,5523.045033004297,2991.319042787315,5081.632945105801,2531.7259902169817,10604.677978110098,True,True,True,True,True
GW240618_071627,NRSur7dq4,final_mass_source,99.27490964178662,22.648739598118055,28.810996153980568,76.62617004366857,128.0859057957672,True,True,True,True,True
GW240618_071627,NRSur7dq4,final_spin,0.6691406403165582,0.16974907485684443,0.1186242518422298,0.49939156545971375,0.787764892158788,True,True,True,True,True
GW240621_214041,IMRPhenomXPHM-SpinTaylor,chirp_mass_source,32.091653847984844,6.694713044701512,10.302702354788885,25.396940803283332,42.39435620277373,True,True,True,True,True
GW240621_214041,IMRPhenomXPHM-SpinTaylor,chi_eff,0.0007721886642163289,0.28458177680244306,0.2587276582491767,-0.2838095881382267,0.25949984691339306,True,True,True,True,True
GW240621_214041,IMRPhenomXPHM-SpinTaylor,luminosity_distance,6778.69878873355,3433.1660551054706,4790.794036097775,3345.5327336280793,11569.492824831324,True,True,True,True,True
GW240621_214041,IMRPhenomXPHM-SpinTaylor,final_mass_source,72.8172883269921,15.093934883432546,22.391725179363632,57.72335344355955,95.20901350635573,True,True,True,True,True
GW240621_214041,IMRPhenomXPHM-SpinTaylor,final_spin,0.6935215518483909,0.1312867635520708,0.11116278498975607,0.5622347882963201,0.804684336838147,True,True,True,True,True
GW240621_214041,IMRPhenomXPNR,chirp_mass_source,31.914366712400167,6.685013699094856,9.806472127080148,25.22935301330531,41.720838839480315,True,True,True,True,True
GW240621_214041,IMRPhenomXPNR,chi_eff,-0.03124633413514987,0.2859070695882947,0.24543389053183937,-0.3171534037234446,0.2141875563966895,True,True,True,True,True
GW240621_214041,IMRPhenomXPNR,luminosity_distance,6855.866301792272,3412.189732144698,4674.086986081795,3443.6765696475736,11529.953287874067,True,True,True,True,True
GW240621_214041,IMRPhenomXPNR,final_mass_source,72.20564888612375,15.002185704350879,21.103703033160485,57.203463181772875,93.30935191928424,True,True,True,True,True
GW240621_214041,IMRPhenomXPNR,final_spin,0.6802491252155449,0.13129053833356186,0.09695099775633342,0.5489585868819831,0.7772001229718783,True,True,True,True,True
GW240621_214041,NRSur7dq4,chirp_mass_source,32.29072457924176,6.722374595222707,10.002542075013189,25.568349984019054,42.29326665425495,True,True,True,True,True
GW240621_214041,NRSur7dq4,chi_eff,-0.006533454028165693,0.27504836187527537,0.24446954284923353,-0.28158181590344106,0.23793608882106784,True,True,True,True,True
GW240621_214041,NRSur7dq4,luminosity_distance,6634.54041929316,3301.1264400620366,4766.560155110275,3333.4139792311234,11401.100574403436,True,True,True,True,True
GW240621_214041,NRSur7dq4,final_mass_source,73.23955969716373,15.374361591308976,21.249712372232423,57.86519810585475,94.48927206939615,True,True,True,True,True
GW240621_214041,NRSur7dq4,final_spin,0.6841598939332205,0.13082889194068148,0.09419323152714731,0.553331001992539,0.7783531254603678,True,True,True,True,True
GW240703_191355,IMRPhenomXPHM-SpinTaylor,chirp_mass_source,26.159668602609145,4.035547185027021,3.8019963689812393,22.124121417582124,29.961664971590384,True,True,True,True,True
GW240703_191355,IMRPhenomXPHM-SpinTaylor,chi_eff,0.05167979280527319,0.200757207915157,0.20807648958653802,-0.14907741510988382,0.2597562823918112,True,True,True,True,True
GW240703_191355,IMRPhenomXPHM-SpinTaylor,luminosity_distance,1881.6524009043883,855.8916945563831,1535.8349449726838,1025.7607063480052,3417.487345877072,True,True,True,True,True
GW240703_191355,IMRPhenomXPHM-SpinTaylor,final_mass_source,58.3208877114364,8.763211081392136,7.979058785773844,49.55767663004426,66.29994649721024,True,True,True,True,True
GW240703_191355,IMRPhenomXPHM-SpinTaylor,final_spin,0.7066362423283392,0.08457948923037195,0.08723800874697474,0.6220567530979673,0.793874251075314,True,True,True,True,True
GW240703_191355,IMRPhenomXPNR,chirp_mass_source,26.033175220188706,3.9423099051565806,3.763199747149521,22.090865315032126,29.796374967338227,True,True,True,True,True
GW240703_191355,IMRPhenomXPNR,chi_eff,0.023190288349517783,0.20876639222276214,0.2015604800651845,-0.18557610387324436,0.2247507684147023,True,True,True,True,True
GW240703_191355,IMRPhenomXPNR,luminosity_distance,1851.7729485607172,839.1060825085123,1524.852621520796,1012.6668660522049,3376.625570081513,True,True,True,True,True
GW240703_191355,IMRPhenomXPNR,final_mass_source,58.12935366340002,8.68125950592325,7.927040653859912,49.44809415747677,66.05639431725993,True,True,True,True,True
GW240703_191355,IMRPhenomXPNR,final_spin,0.6984043107650049,0.08333053377564226,0.08245777141693389,0.6150737769893626,0.7808620821819388,True,True,True,True,True
GW240703_191355,NRSur7dq4,chirp_mass_source,26.17130380902333,3.9232218999487074,3.765294022694576,22.24808190907462,29.936597831717904,True,True,True,True,True
GW240703_191355,NRSur7dq4,chi_eff,0.05079974162250425,0.19767657754042992,0.19184647535660218,-0.14687683591792566,0.24264621697910643,True,True,True,True,True
GW240703_191355,NRSur7dq4,luminosity_distance,1883.8710629895863,869.0894019107282,1516.7413993915052,1014.7816610788582,3400.6124623810915,True,True,True,True,True
GW240703_191355,NRSur7dq4,final_mass_source,58.24044020051795,8.67226420695598,7.94381488158146,49.56817599356197,66.18425508209941,True,True,True,True,True
GW240703_191355,NRSur7dq4,final_spin,0.7032395219361345,0.0786347427345242,0.07572671447416868,0.6246047792016103,0.7789662364103032,True,True,True,True,True
GW240716_034900,IMRPhenomXPHM-SpinTaylor,chirp_mass_source,28.054182410005012,3.3267484921398314,3.921582765672447,24.72743391786518,31.97576517567746,True,True,True,True,True
GW240716_034900,IMRPhenomXPHM-SpinTaylor,chi_eff,-0.018945677848150762,0.246167478955016,0.21539836756656836,-0.26511315680316677,0.1964526897184176,True,True,True,True,True
GW240716_034900,IMRPhenomXPHM-SpinTaylor,luminosity_distance,1861.7482449663373,925.6233436413737,1388.4453566981613,936.1249013249636,3250.1936016644986,True,True,True,True,True
GW240716_034900,IMRPhenomXPHM-SpinTaylor,final_mass_source,63.90052176466452,7.531159078552655,8.367316131907671,56.36936268611186,72.26783789657219,True,True,True,True,True
GW240716_034900,IMRPhenomXPHM-SpinTaylor,final_spin,0.6670018088377724,0.1337195170521357,0.1031860476000892,0.5332822917856367,0.7701878564378616,True,True,True,True,True
GW240716_034900,IMRPhenomXPNR,chirp_mass_source,28.014861529424913,3.2877715006892494,3.9919114450655826,24.727090028735663,32.006772974490495,True,True,True,True,True
GW240716_034900,IMRPhenomXPNR,chi_eff,-0.0380239929930644,0.2319791464440938,0.18886178720030922,-0.2700031394371582,0.1508377942072448,True,True,True,True,True
GW240716_034900,IMRPhenomXPNR,luminosity_distance,1916.9843046196643,930.5908041444969,1306.967461898275,986.3935004751673,3223.951766517939,True,True,True,True,True
GW240716_034900,IMRPhenomXPNR,final_mass_source,63.4102326554072,7.618097480332324,8.450557649016645,55.792135175074876,71.86079030442384,True,True,True,True,True
GW240716_034900,IMRPhenomXPNR,final_spin,0.6680942003346905,0.11909669577884974,0.08068978587654929,0.5489975045558407,0.7487839862112398,True,True,True,True,True
GW240716_034900,NRSur7dq4,chirp_mass_source,28.224330304436183,3.5346258503952086,3.9940624897578054,24.689704454040974,32.21839279419399,True,True,True,True,True
GW240716_034900,NRSur7dq4,chi_eff,-0.03319225113887468,0.23556348196720178,0.1918089944112672,-0.2687557331060765,0.1586167432723925,True,True,True,True,True
GW240716_034900,NRSur7dq4,luminosity_distance,1753.3062637147284,860.8953258804082,1413.2193939745173,892.4109378343202,3166.5256576892457,True,True,True,True,True
GW240716_034900,NRSur7dq4,final_mass_source,64.46131609276058,8.029688407689676,8.588269516762367,56.43162768507091,73.04958560952295,True,True,True,True,True
GW240716_034900,NRSur7dq4,final_spin,0.6585696721296757,0.13134388329404867,0.08440851467405452,0.527225788835627,0.7429781868037302,True,True,True,True,True
GW240924_000316,IMRPhenomXPHM-SpinTaylor,chirp_mass_source,34.22045376203821,6.2803338310246986,8.38821664826073,27.940119931013513,42.60867041029894,True,True,True,True,True
GW240924_000316,IMRPhenomXPHM-SpinTaylor,chi_eff,0.10390883899415145,0.24025335691603567,0.23387310918407217,-0.13634451792188423,0.3377819481782236,True,True,True,True,True
GW240924_000316,IMRPhenomXPHM-SpinTaylor,luminosity_distance,3734.25413293987,1737.039001832327,2632.7814912426766,1997.2151311075431,6367.035624182547,True,True,True,True,True
GW240924_000316,IMRPhenomXPHM-SpinTaylor,final_mass_source,76.4559957708627,13.521944023503409,18.03285724957462,62.93405174735929,94.48885302043732,True,True,True,True,True
GW240924_000316,IMRPhenomXPHM-SpinTaylor,final_spin,0.7302243997162117,0.10758888244360276,0.09802954832466204,0.6226355172726089,0.8282539480408737,True,True,True,True,True
GW240924_000316,IMRPhenomXPNR,chirp_mass_source,33.81451909843439,6.016521495535699,7.72968072849266,27.79799760289869,41.54419982692705,True,True,True,True,True
GW240924_000316,IMRPhenomXPNR,chi_eff,0.05411212828129711,0.23400500970546653,0.22195898649155107,-0.17989288142416943,0.2760711147728482,True,True,True,True,True
GW240924_000316,IMRPhenomXPNR,luminosity_distance,3717.452687837438,1716.4695551237655,2616.6054042528413,2000.9831327136726,6334.058092090279,True,True,True,True,True
GW240924_000316,IMRPhenomXPNR,final_mass_source,75.39480530231008,12.742720281344255,16.168417048847076,62.65208502096582,91.56322235115715,True,True,True,True,True
GW240924_000316,IMRPhenomXPNR,final_spin,0.7107605673728585,0.1011663759265774,0.08489148986656303,0.6095941914462811,0.7956520572394216,True,True,True,True,True
GW240924_000316,NRSur7dq4,chirp_mass_source,33.14305460526077,5.5620014653466185,7.7689068717404055,27.581053139914154,40.91196147700118,True,True,True,True,True
GW240924_000316,NRSur7dq4,chi_eff,0.061872674014630785,0.21791427098618005,0.22744588647994582,-0.15604159697154926,0.2893185604945766,True,True,True,True,True
GW240924_000316,NRSur7dq4,luminosity_distance,3944.754550300133,1893.6133590887216,2561.7706841427107,2051.1411912114113,6506.525234442844,True,True,True,True,True
GW240924_000316,NRSur7dq4,final_mass_source,73.88626194918245,11.761032855520838,16.285195108151967,62.125229093661616,90.17145705733442,True,True,True,True,True
GW240924_000316,NRSur7dq4,final_spin,0.704339169214989,0.09386815537731796,0.082103567319877,0.610471013837671,0.786442736534866,True,True,True,True,True
GW241002_030559,IMRPhenomXPHM-SpinTaylor,chirp_mass_source,28.810881865696356,3.3894291350896353,3.8730053651093677,25.42145273060672,32.68388723080572,True,True,True,True,True
GW241002_030559,IMRPhenomXPHM-SpinTaylor,chi_eff,-0.10240428343102531,0.2289167891799499,0.19638408448412623,-0.3313210726109752,0.09397980105310091,True,True,True,True,True
GW241002_030559,IMRPhenomXPHM-SpinTaylor,luminosity_distance,1456.003117852619,683.7262618573384,947.0230852369039,772.2768559952806,2403.026203089523,True,True,True,True,True
GW241002_030559,IMRPhenomXPHM-SpinTaylor,final_mass_source,64.24361419752543,7.241142719034691,8.21974996785211,57.00247147849074,72.46336416537754,True,True,True,True,True
GW241002_030559,IMRPhenomXPHM-SpinTaylor,final_spin,0.6599202057472194,0.08909308431440677,0.07677045081893563,0.5708271214328127,0.7366906565661551,True,True,True,True,True
GW241002_030559,IMRPhenomXPNR,chirp_mass_source,28.495213011774055,3.247797951383518,3.7879954123146575,25.247415060390537,32.28320842408871,True,True,True,True,True
GW241002_030559,IMRPhenomXPNR,chi_eff,-0.13718850040972652,0.24911971724128562,0.19693280413631192,-0.38630821765101214,0.0597443037265854,True,True,True,True,True
GW241002_030559,IMRPhenomXPNR,luminosity_distance,1458.624298517281,677.7605651030696,943.2995518354576,780.8637334142114,2401.9238503527386,True,True,True,True,True
GW241002_030559,IMRPhenomXPNR,final_mass_source,63.78003825638821,7.026277740060351,7.98763501732968,56.75376051632786,71.76767327371789,True,True,True,True,True
GW241002_030559,IMRPhenomXPNR,final_spin,0.6450538097822989,0.0946464364548798,0.07204506685862166,0.5504073733274191,0.7170988766409205,True,True,True,True,True
GW241002_030559,NRSur7dq4,chirp_mass_source,28.896915755538178,3.4746051863614156,3.8104469876605656,25.422310569176762,32.70736274319874,True,True,True,True,True
GW241002_030559,NRSur7dq4,chi_eff,-0.11347668362493239,0.22418876288773082,0.19194189471378204,-0.3376654465126632,0.07846521108884964,True,True,True,True,True
GW241002_030559,NRSur7dq4,luminosity_distance,1430.2939125042676,695.1871380123829,974.2655944865915,735.1067744918847,2404.559506990859,True,True,True,True,True
GW241002_030559,NRSur7dq4,final_mass_source,64.33033883432165,7.318944890899033,8.086144189354144,57.01139394342262,72.4164830236758,True,True,True,True,True
GW241002_030559,NRSur7dq4,final_spin,0.6535440382924564,0.08483795805722383,0.06702320897056457,0.5687060802352326,0.720567247263021,True,True,True,True,True
GW241009_022835,IMRPhenomXPHM-SpinTaylor,chirp_mass_source,27.072536382671252,5.611179133014751,8.165164100751987,21.4613572496565,35.23770048342324,True,True,True,True,True
GW241009_022835,IMRPhenomXPHM-SpinTaylor,chi_eff,0.09488969674035952,0.25174955138794114,0.25760678154474703,-0.15685985464758162,0.35249647828510655,True,True,True,True,True
GW241009_022835,IMRPhenomXPHM-SpinTaylor,luminosity_distance,5589.141625773118,2775.6514164919,3830.638135895286,2813.490209281218,9419.779761668404,True,True,True,True,True
GW241009_022835,IMRPhenomXPHM-SpinTaylor,final_mass_source,61.05650304424735,12.085607696479016,17.802769243281062,48.970895347768334,78.85927228752841,True,True,True,True,True
GW241009_022835,IMRPhenomXPHM-SpinTaylor,final_spin,0.7268341672272871,0.11989934065322194,0.10460494238855034,0.6069348265740652,0.8314391096158374,True,True,True,True,True
GW241009_022835,IMRPhenomXPNR,chirp_mass_source,26.933873385889683,5.384221418454903,7.933719965397941,21.54965196743478,34.867593351287624,True,True,True,True,True
GW241009_022835,IMRPhenomXPNR,chi_eff,0.056506690015916274,0.2574136985912178,0.2600579336318653,-0.20090700857530155,0.3165646236477816,True,True,True,True,True
GW241009_022835,IMRPhenomXPNR,luminosity_distance,5598.260379716767,2773.7614926176398,3803.728451277446,2824.498887099127,9401.988830994213,True,True,True,True,True
GW241009_022835,IMRPhenomXPNR,final_mass_source,60.754492452224355,11.708689293090558,17.024589256935286,49.0458031591338,77.77908170915964,True,True,True,True,True
GW241009_022835,IMRPhenomXPNR,final_spin,0.7115295922728909,0.11531699479118596,0.09917801211470223,0.596212597481705,0.8107076043875932,True,True,True,True,True
GW241009_022835,NRSur7dq4,chirp_mass_source,26.650566815490695,5.30241203864049,7.924590819370241,21.348154776850205,34.575157634860936,True,True,True,True,True
GW241009_022835,NRSur7dq4,chi_eff,0.07764182379847694,0.2509282558463688,0.2533712692787847,-0.17328643204789185,0.3310130930772617,True,True,True,True,True
GW241009_022835,NRSur7dq4,luminosity_distance,5716.081379759512,2862.8934077442395,3851.520266139246,2853.1879720152724,9567.601645898758,True,True,True,True,True
GW241009_022835,NRSur7dq4,final_mass_source,59.90203606940853,11.329661377574986,16.97388429383887,48.572374691833545,76.8759203632474,True,True,True,True,True
GW241009_022835,NRSur7dq4,final_spin,0.7109959845863857,0.11626355736357863,0.09025875064367872,0.5947324272228071,0.8012547352300644,True,True,True,True,True
GW241101_220523,IMRPhenomXPHM-SpinTaylor,chirp_mass_source,23.610271229132483,3.133019477060504,5.821618670070922,20.47725175207198,29.431889899203405,True,True,True,True,True
GW241101_220523,IMRPhenomXPHM-SpinTaylor,chi_eff,0.14758721422706578,0.28586205454500374,0.3319535202534849,-0.13827484031793796,0.4795407344805507,True,True,True,True,True
GW241101_220523,IMRPhenomXPHM-SpinTaylor,luminosity_distance,2178.876522139676,1031.3056450036845,1432.3388074487189,1147.5708771359916,3611.215329588395,True,True,True,True,True
GW241101_220523,IMRPhenomXPHM-SpinTaylor,final_mass_source,57.7375626747994,8.990260233643468,11.92143032687516,48.74730244115593,69.65899300167456,True,True,True,True,True
GW241101_220523,IMRPhenomXPHM-SpinTaylor,final_spin,0.6976098038465123,0.16994504677033795,0.16024816078939674,0.5276647570761743,0.857857964635909,True,True,True,True,True
GW241101_220523,IMRPhenomXPNR,chirp_mass_source,23.5795305993532,3.0920410040352664,5.793694814549937,20.487489595317932,29.373225413903135,True,True,True,True,True
GW241101_220523,IMRPhenomXPNR,chi_eff,0.12016243432460842,0.27993110290899137,0.3355262024367506,-0.15976866858438293,0.455688636761359,True,True,True,True,True
GW241101_220523,IMRPhenomXPNR,luminosity_distance,2194.004950964747,1017.0432917340688,1385.1173410157735,1176.9616592306782,3579.1222919805205,True,True,True,True,True
GW241101_220523,IMRPhenomXPNR,final_mass_source,57.453920157337194,8.656209870496774,11.935739710279876,48.79771028684042,69.38965986761707,True,True,True,True,True
GW241101_220523,IMRPhenomXPNR,final_spin,0.6903517111243307,0.15717651802671506,0.15289262280489657,0.5331751930976156,0.8432443339292273,True,True,True,True,True
GW241101_220523,NRSur7dq4,chirp_mass_source,23.585007251919034,3.0508749188697806,5.493901287682583,20.534132333049254,29.078908539601617,True,True,True,True,True
GW241101_220523,NRSur7dq4,chi_eff,0.11271943092431344,0.26302492130373156,0.3406351767421745,-0.15030549037941812,0.45335460766648794,True,True,True,True,True
GW241101_220523,NRSur7dq4,luminosity_distance,2142.4340788286027,1019.8431061765843,1495.6461310271343,1122.5909726520183,3638.080209855737,True,True,True,True,True
GW241101_220523,NRSur7dq4,final_mass_source,57.2400764528267,8.348212668739208,10.612801493542108,48.89186378408749,67.8528779463688,True,True,True,True,True
GW241101_220523,NRSur7dq4,final_spin,0.6734435148644252,0.14384666755645736,0.15915905109905581,0.5295968473079679,0.832602565963481,True,True,True,True,True
GW241109_033317,IMRPhenomXPHM-SpinTaylor,chirp_mass_source,31.431427837761152,5.1711803166913555,7.003690168940505,26.260247521069797,38.43511800670166,True,True,True,True,True
GW241109_033317,IMRPhenomXPHM-SpinTaylor,chi_eff,0.009499056379301431,0.23816194341298141,0.21577657249392485,-0.22866288703367998,0.22527562887322627,True,True,True,True,True
GW241109_033317,IMRPhenomXPHM-SpinTaylor,luminosity_distance,2652.050817831093,1519.778476297736,2035.901391284563,1132.272341533357,4687.952209115656,True,True,True,True,True
GW241109_033317,IMRPhenomXPHM-SpinTaylor,final_mass_source,70.38033761847448,10.736865536743615,15.049041815279224,59.64347208173087,85.42937943375371,True,True,True,True,True
GW241109_033317,IMRPhenomXPHM-SpinTaylor,final_spin,0.6959198387768849,0.10311275661273989,0.09612110847527111,0.592807082164145,0.792040947252156,True,True,True,True,True
GW241109_033317,IMRPhenomXPNR,chirp_mass_source,31.27467025033446,5.151343692417434,6.823860827836839,26.123326557917025,38.0985310781713,True,True,True,True,True
GW241109_033317,IMRPhenomXPNR,chi_eff,-0.018245667172776002,0.23469083625807954,0.20645575770941335,-0.25293650343085555,0.18821009053663734,True,True,True,True,True
GW241109_033317,IMRPhenomXPNR,luminosity_distance,2696.8235703693244,1518.463404111038,1992.1408015075103,1178.3601662582864,4688.964371876835,True,True,True,True,True
GW241109_033317,IMRPhenomXPNR,final_mass_source,70.24402399703483,10.939098831155853,14.478050366726308,59.30492516587898,84.72207436376114,True,True,True,True,True
GW241109_033317,IMRPhenomXPNR,final_spin,0.6902591762478383,0.10098232828153342,0.08955486133408086,0.5892768479663049,0.7798140375819191,True,True,True,True,True
GW241109_033317,NRSur7dq4,chirp_mass_source,31.6553966401092,5.546505939790556,7.271095097503615,26.108890700318643,38.926491737612814,True,True,True,True,True
GW241109_033317,NRSur7dq4,chi_eff,-0.003166075680669549,0.24067635096545947,0.21183779646199005,-0.243842426646129,0.2086717207813205,True,True,True,True,True
GW241109_033317,NRSur7dq4,luminosity_distance,2556.5567043058545,1482.081874158746,2136.663356987455,1074.4748301471086,4693.220061293309,True,True,True,True,True
GW241109_033317,NRSur7dq4,final_mass_source,71.04311173583108,11.729418393084003,15.326563834627237,59.31369334274707,86.36967557045831,True,True,True,True,True
GW241109_033317,NRSur7dq4,final_spin,0.6862947368101129,0.10368359775877511,0.08285312335607398,0.5826111390513378,0.7691478601661869,True,True,True,True,True
GW241125_010116,IMRPhenomXPHM-SpinTaylor,chirp_mass_source,45.407528409459104,10.232291498099663,10.344934787840742,35.17523691135944,55.752463197299846,True,True,True,True,True
GW241125_010116,IMRPhenomXPHM-SpinTaylor,chi_eff,0.09430887895309306,0.267667357596614,0.26608015696721443,-0.1733584786435209,0.36038903592030747,True,True,True,True,True
GW241125_010116,IMRPhenomXPHM-SpinTaylor,luminosity_distance,4722.495514439414,2186.6656750399197,3917.683125682489,2535.8298393994946,8640.178640121903,True,True,True,True,True
GW241125_010116,IMRPhenomXPHM-SpinTaylor,final_mass_source,100.72105456032274,20.483017260209053,21.62973047837427,80.23803730011369,122.35078503869701,True,True,True,True,True
GW241125_010116,IMRPhenomXPHM-SpinTaylor,final_spin,0.7272639218770376,0.11166960000140091,0.10022647424905362,0.6155943218756367,0.8274903961260912,True,True,True,True,True
GW241125_010116,IMRPhenomXPNR,chirp_mass_source,44.63430211809674,9.690540480627156,10.416988689194149,34.943761637469585,55.05129080729089,True,True,True,True,True
GW241125_010116,IMRPhenomXPNR,chi_eff,0.06646992371787848,0.24747817327490212,0.24935667277635892,-0.18100824955702366,0.3158265964942374,True,True,True,True,True
GW241125_010116,IMRPhenomXPNR,luminosity_distance,4856.974603791352,2201.842600353643,3729.6576139155095,2655.132003437709,8586.632217706861,True,True,True,True,True
GW241125_010116,IMRPhenomXPNR,final_mass_source,99.09821567142109,19.632283442296753,21.948573913856904,79.46593222912433,121.04678958527799,True,True,True,True,True
GW241125_010116,IMRPhenomXPNR,final_spin,0.7175730055750597,0.10621910747119712,0.08874496815543298,0.6113538981038625,0.8063179737304926,True,True,True,True,True
GW241125_010116,NRSur7dq4,chirp_mass_source,45.59663486939439,9.982488713477522,9.796474553851361,35.61414615591687,55.393109423245754,True,True,True,True,True
GW241125_010116,NRSur7dq4,chi_eff,0.06433717952662897,0.2467105378884074,0.25488717325106336,-0.18237335836177843,0.31922435277769234,True,True,True,True,True
GW241125_010116,NRSur7dq4,luminosity_distance,4509.003191414566,1978.6516944382206,3816.910337121388,2530.351496976345,8325.913528535953,True,True,True,True,True
GW241125_010116,NRSur7dq4,final_mass_source,101.36190026585689,20.68764677466764,20.547581487863383,80.67425349118925,121.90948175372027,True,True,True,True,True
GW241125_010116,NRSur7dq4,final_spin,0.7071172430708841,0.10008054327678961,0.0866914654004699,0.6070366997940945,0.793808708471354,True,True,True,True,True
GW241210_120900,IMRPhenomXPHM-SpinTaylor,chirp_mass_source,26.29807322898237,4.946267407453604,6.378868448564678,21.351805821528767,32.67694167754705,True,True,True,True,True
GW241210_120900,IMRPhenomXPHM-SpinTaylor,chi_eff,-0.06990105352306822,0.3000669553431605,0.24376465836215136,-0.3699680088662287,0.17386360483908314,True,True,True,True,True
GW241210_120900,IMRPhenomXPHM-SpinTaylor,luminosity_distance,3585.122039974496,1803.707317068762,3013.3035010243757,1781.4147229057342,6598.425540998872,True,True,True,True,True
GW241210_120900,IMRPhenomXPHM-SpinTaylor,final_mass_source,61.758482379952746,11.643474111630596,14.483176764599712,50.11500826832215,76.24165914455246,True,True,True,True,True
GW241210_120900,IMRPhenomXPHM-SpinTaylor,final_spin,0.6394084294763472,0.17053357272282998,0.11421167743666838,0.46887485675351726,0.7536201069130156,True,True,True,True,True
GW241210_120900,IMRPhenomXPNR,chirp_mass_source,26.374338904328347,4.8988328038010565,6.306186952992114,21.47550610052729,32.68052585732046,True,True,True,True,True
GW241210_120900,IMRPhenomXPNR,chi_eff,-0.08597158491889373,0.3245998467330519,0.2488538757033976,-0.41057143165194565,0.16288229078450386,True,True,True,True,True
GW241210_120900,IMRPhenomXPNR,luminosity_distance,3538.675492142067,1793.7997879474908,2971.11914728376,1744.8757041945762,6509.794639425827,True,True,True,True,True
GW241210_120900,IMRPhenomXPNR,final_mass_source,61.96144182701631,11.396439546504318,14.90886282898932,50.56500228051199,76.87030465600563,True,True,True,True,True
GW241210_120900,IMRPhenomXPNR,final_spin,0.6335522901339532,0.18640912583924862,0.1146561912004066,0.4471431642947046,0.7482084813343598,True,True,True,True,True
GW241210_120900,NRSur7dq4,chirp_mass_source,26.56465864487032,4.936025451767243,6.233367411213763,21.628633193103077,32.79802605608408,True,True,True,True,True
GW241210_120900,NRSur7dq4,chi_eff,-0.06905582155194787,0.30954254435231476,0.25232378165739233,-0.37859836590426266,0.18326796010544447,True,True,True,True,True
GW241210_120900,NRSur7dq4,luminosity_distance,3438.673144174545,1716.9815910856066,2997.360603154474,1721.6915530889385,6436.033747329019,True,True,True,True,True
GW241210_120900,NRSur7dq4,final_mass_source,62.591357490082316,11.931018309446259,14.982398168738541,50.66033918063606,77.57375565882086,True,True,True,True,True
GW241210_120900,NRSur7dq4,final_spin,0.6333205108088092,0.17681900962387903,0.11641015432721324,0.4565015011849302,0.7497306651360225,True,True,True,True,True
GW241229_155844,IMRPhenomXPHM-SpinTaylor,chirp_mass_source,34.97540122887851,8.499046801533847,12.343092668256553,26.476354427344663,47.31849389713506,True,True,True,True,True
GW241229_155844,IMRPhenomXPHM-SpinTaylor,chi_eff,0.053178875103467235,0.321618613527223,0.3123404554165374,-0.26843973842375574,0.3655193305200046,True,True,True,True,True
GW241229_155844,IMRPhenomXPHM-SpinTaylor,luminosity_distance,6777.2856166627635,3433.8592471181432,5201.395206837867,3343.4263695446202,11978.68082350063,True,True,True,True,True
GW241229_155844,IMRPhenomXPHM-SpinTaylor,final_mass_source,81.51437133949753,18.17952838090676,25.600645885432144,63.33484295859077,107.11501722492967,True,True,True,True,True
GW241229_155844,IMRPhenomXPHM-SpinTaylor,final_spin,0.6940825351620556,0.1826726199980463,0.12800371501314212,0.5114099151640094,0.8220862501751978,True,True,True,True,True
GW241229_155844,IMRPhenomXPNR,chirp_mass_source,35.02751023582974,8.23036580215076,11.973686605447398,26.797144433678977,47.001196841277135,True,True,True,True,True
GW241229_155844,IMRPhenomXPNR,chi_eff,0.0444121908793874,0.3072854581989112,0.3054502224717133,-0.26287326731952376,0.3498624133511007,True,True,True,True,True
GW241229_155844,IMRPhenomXPNR,luminosity_distance,6861.2863401670475,3435.42177641336,5384.3434140015215,3425.8645637536874,12245.629754168569,True,True,True,True,True
GW241229_155844,IMRPhenomXPNR,final_mass_source,81.67873184481111,18.412345544198786,24.54032244122763,63.266386300612325,106.21905428603874,True,True,True,True,True
GW241229_155844,IMRPhenomXPNR,final_spin,0.6897232311837154,0.17167378894632312,0.12456987004837705,0.5180494422373922,0.8142931012320924,True,True,True,True,True
GW241229_155844,NRSur7dq4,chirp_mass_source,35.03171537398938,8.407372733135507,12.302896014739432,26.62434264085387,47.33461138872881,True,True,True,True,True
GW241229_155844,NRSur7dq4,chi_eff,0.04690776384250782,0.30519669687102385,0.3074602078035678,-0.258288933028516,0.35436797164607564,True,True,True,True,True
GW241229_155844,NRSur7dq4,luminosity_distance,6943.682066053432,3522.0742329161453,5382.879589856138,3421.607833137287,12326.56165590957,True,True,True,True,True
GW241229_155844,NRSur7dq4,final_mass_source,81.09636576465407,18.668628644270647,25.203977838562523,62.42773712038342,106.30034360321659,True,True,True,True,True
GW241229_155844,NRSur7dq4,final_spin,0.6906021776258672,0.16664537252066625,0.115367103341804,0.5239568051052009,0.8059692809676712,True,True,True,True,True
GW241230_084504,IMRPhenomXPHM-SpinTaylor,chirp_mass_source,32.43498369478267,3.976525525789466,5.727898085814672,28.458458168993207,38.162881780597345,True,True,True,True,True
GW241230_084504,IMRPhenomXPHM-SpinTaylor,chi_eff,-0.14144774718747044,0.23201883879669927,0.20670570067594657,-0.3734665859841697,0.06525795348847613,True,True,True,True,True
GW241230_084504,IMRPhenomXPHM-SpinTaylor,luminosity_distance,2926.152842184467,1336.6802051136012,1395.8385664704201,1589.4726370708656,4321.991408654887,True,True,True,True,True
GW241230_084504,IMRPhenomXPHM-SpinTaylor,final_mass_source,72.37348804174482,8.353028483036354,12.137205031525411,64.02045955870847,84.51069307327023,True,True,True,True,True
GW241230_084504,IMRPhenomXPHM-SpinTaylor,final_spin,0.6523922110825835,0.0978918773794365,0.08471396351613203,0.554500333703147,0.7371061745987155,True,True,True,True,True
GW241230_084504,IMRPhenomXPNR,chirp_mass_source,32.62435719541289,4.2387083140257396,5.680637388777605,28.38564888138715,38.304994584190496,True,True,True,True,True
GW241230_084504,IMRPhenomXPNR,chi_eff,-0.1877105811265598,0.2418671876201714,0.21028502591885384,-0.4295777687467312,0.022574444792294035,True,True,True,True,True
GW241230_084504,IMRPhenomXPNR,luminosity_distance,2787.5348747186586,1250.4008687782386,1432.7662983741043,1537.13400594042,4220.301173092763,True,True,True,True,True
GW241230_084504,IMRPhenomXPNR,final_mass_source,72.84427895055607,8.649294963208632,11.94350819826883,64.19498398734744,84.7877871488249,True,True,True,True,True
GW241230_084504,IMRPhenomXPNR,final_spin,0.6380574541454722,0.10386636306830355,0.07710805429135803,0.5341910910771687,0.7151655084368302,True,True,True,True,True
GW241230_084504,NRSur7dq4,chirp_mass_source,32.49893982528236,3.9820612590482263,5.639311597443644,28.516878566234137,38.13825142272601,True,True,True,True,True
GW241230_084504,NRSur7dq4,chi_eff,-0.1503410934662116,0.23878938927481624,0.20535349712203577,-0.38913048274102785,0.05501240365582416,True,True,True,True,True
GW241230_084504,NRSur7dq4,luminosity_distance,2877.393858210776,1337.8556953735042,1425.9390949162075,1539.538162837272,4303.332953126984,True,True,True,True,True
GW241230_084504,NRSur7dq4,final_mass_source,72.31250040448066,8.41910787221726,11.918538331020912,63.8933925322634,84.23103873550157,True,True,True,True,True
GW241230_084504,NRSur7dq4,final_spin,0.6446467908181461,0.09686487255822718,0.07318774880458223,0.547781918259919,0.7178345396227284,True,True,True,True,True
GW250104_015122,IMRPhenomXPHM-SpinTaylor,chirp_mass_source,33.90210740232616,5.165354615496241,8.13088500661312,28.736752786829918,42.03299240893928,True,True,True,True,True
GW250104_015122,IMRPhenomXPHM-SpinTaylor,chi_eff,0.10801192872207095,0.22631346381006473,0.22165721500856506,-0.11830153508799378,0.329669143730636,True,True,True,True,True
GW250104_015122,IMRPhenomXPHM-SpinTaylor,luminosity_distance,4827.986083178875,2308.1577571434395,2503.378796507862,2519.828326035435,7331.3648796867365,True,True,True,True,True
GW250104_015122,IMRPhenomXPHM-SpinTaylor,final_mass_source,75.63947229177434,10.687071653695497,16.668454006133004,64.95240063807884,92.30792629790734,True,True,True,True,True
GW250104_015122,IMRPhenomXPHM-SpinTaylor,final_spin,0.7320212465652295,0.09800287109730021,0.08862058509566417,0.6340183754679293,0.8206418316608937,True,True,True,True,True
GW250104_015122,IMRPhenomXPNR,chirp_mass_source,33.93228240444627,5.08231655750334,8.08822559944624,28.84996584694293,42.02050800389251,True,True,True,True,True
GW250104_015122,IMRPhenomXPNR,chi_eff,0.07590653529248911,0.2144629551727478,0.21619305480730885,-0.13855641988025869,0.29209959009979797,True,True,True,True,True
GW250104_015122,IMRPhenomXPNR,luminosity_distance,4726.377186691267,2189.8563110665123,2427.58900741215,2536.5208756247544,7153.9661941034165,True,True,True,True,True
GW250104_015122,IMRPhenomXPNR,final_mass_source,75.62115888351101,10.739605056037092,16.701648569208757,64.88155382747392,92.32280745271977,True,True,True,True,True
GW250104_015122,IMRPhenomXPNR,final_spin,0.7208762710266042,0.08963893881391571,0.08292774068898012,0.6312373322126885,0.8038040117155844,True,True,True,True,True
GW250104_015122,NRSur7dq4,chirp_mass_source,34.67367877855767,5.771093403663109,7.783021888316007,28.902585374894564,42.45670066687368,True,True,True,True,True
GW250104_015122,NRSur7dq4,chi_eff,0.0800353083433602,0.210536429080866,0.2119716540572244,-0.1305011207375058,0.2920069624005846,True,True,True,True,True
GW250104_015122,NRSur7dq4,luminosity_distance,4415.3210784432085,2073.1303737157673,2637.451539867474,2342.1907047274412,7052.772618310682,True,True,True,True,True
GW250104_015122,NRSur7dq4,final_mass_source,76.87846421554482,11.90817133116147,16.137889084787275,64.97029288438335,93.0163533003321,True,True,True,True,True
GW250104_015122,NRSur7dq4,final_spin,0.7149264661721875,0.08176830399698742,0.07314566282897006,0.6331581621752,0.7880721290011575,True,True,True,True,True
GW250109_074552,IMRPhenomXPHM-SpinTaylor,chirp_mass_source,29.59969440522955,3.7747942182260346,4.734805556648887,25.824900187003514,34.334499961878436,True,True,True,True,True
GW250109_074552,IMRPhenomXPHM-SpinTaylor,chi_eff,0.07369866137039897,0.20068076669681995,0.2009365725310882,-0.12698210532642096,0.2746352339014872,True,True,True,True,True
GW250109_074552,IMRPhenomXPHM-SpinTaylor,luminosity_distance,2311.281281769286,1104.860955031518,1395.8466862443242,1206.4203267377682,3707.1279680136104,True,True,True,True,True
GW250109_074552,IMRPhenomXPHM-SpinTaylor,final_mass_source,65.85973181572285,8.06178998378742,9.78780493659201,57.79794183193543,75.64753675231486,True,True,True,True,True
GW250109_074552,IMRPhenomXPHM-SpinTaylor,final_spin,0.7162848027141271,0.08575445104651302,0.08191999574125963,0.6305303516676141,0.7982047984553867,True,True,True,True,True
GW250109_074552,IMRPhenomXPNR,chirp_mass_source,29.29565066849928,3.6951417805484645,4.528214485160479,25.600508887950816,33.82386515365976,True,True,True,True,True
GW250109_074552,IMRPhenomXPNR,chi_eff,0.02987742319083634,0.202414873909682,0.19402111262043864,-0.17253745071884566,0.22389853581127497,True,True,True,True,True
GW250109_074552,IMRPhenomXPNR,luminosity_distance,2290.4988576437745,1106.5498957133061,1347.3800842498017,1183.9489619304684,3637.878941893576,True,True,True,True,True
GW250109_074552,IMRPhenomXPNR,final_mass_source,65.26919334608439,7.852784848150208,9.388454803867049,57.416408497934185,74.65764814995144,True,True,True,True,True
GW250109_074552,IMRPhenomXPNR,final_spin,0.7010361757277253,0.08481450676288227,0.07555112640263362,0.616221668964843,0.7765873021303589,True,True,True,True,True
GW250109_074552,NRSur7dq4,chirp_mass_source,29.477281302382963,3.8145004191557135,4.659169588834288,25.66278088322725,34.13645089121725,True,True,True,True,True
GW250109_074552,NRSur7dq4,chi_eff,0.05802784522882565,0.19236899403558969,0.19507119616113028,-0.13434114880676404,0.2530990413899559,True,True,True,True,True
GW250109_074552,NRSur7dq4,luminosity_distance,2318.0922466471884,1138.5684100895605,1363.8865758712636,1179.5238365576279,3681.978822518452,True,True,True,True,True
GW250109_074552,NRSur7dq4,final_mass_source,65.4190741261103,8.023179055095696,9.696324217205074,57.39589507101461,75.11539834331538,True,True,True,True,True
GW250109_074552,NRSur7dq4,final_spin,0.7075088668370492,0.08064366429293657,0.07293091511979966,0.6268652025441126,0.7804397819568488,True,True,True,True,True
GW250118_023225,IMRPhenomXPHM-SpinTaylor,chirp_mass_source,31.134461782690476,6.0459305913207615,8.883443679141525,25.088531191369714,40.017905461832,True,True,True,True,True
GW250118_023225,IMRPhenomXPHM-SpinTaylor,chi_eff,0.03601609119494237,0.3050064168428868,0.2828247961790042,-0.26899032564794445,0.31884088737394656,True,True,True,True,True
GW250118_023225,IMRPhenomXPHM-SpinTaylor,luminosity_distance,5812.624379019901,2928.4793750997937,3813.6684876512163,2884.1450039201077,9626.292866671118,True,True,True,True,True
GW250118_023225,IMRPhenomXPHM-SpinTaylor,final_mass_source,70.85219571769204,12.627551141812347,18.67180943530265,58.224644575879694,89.52400515299469,True,True,True,True,True
GW250118_023225,IMRPhenomXPHM-SpinTaylor,final_spin,0.6966460209116139,0.1402394137418268,0.11311285531411586,0.5564066071697871,0.8097588762257297,True,True,True,True,True
GW250118_023225,IMRPhenomXPNR,chirp_mass_source,31.67042994268994,6.296476384125988,8.459498723142513,25.37395355856395,40.12992866583245,True,True,True,True,True
GW250118_023225,IMRPhenomXPNR,chi_eff,0.01688039120686902,0.30089562154770644,0.27042544312688044,-0.2840152303408374,0.28730583433374945,True,True,True,True,True
GW250118_023225,IMRPhenomXPNR,luminosity_distance,5564.931094136822,2729.2241136045113,3800.525136177408,2835.706980532311,9365.45623031423,True,True,True,True,True
GW250118_023225,IMRPhenomXPNR,final_mass_source,71.70807144867388,13.249601553371797,17.89302942618859,58.45846989530208,89.60110087486247,True,True,True,True,True
GW250118_023225,IMRPhenomXPNR,final_spin,0.6900107411506147,0.1302890091738319,0.10772664917728203,0.5597217319767828,0.7977373903278967,True,True,True,True,True
GW250118_023225,NRSur7dq4,chirp_mass_source,31.12100336836747,5.811233415803521,8.660109809882083,25.30976995256395,39.781113178249555,True,True,True,True,True
GW250118_023225,NRSur7dq4,chi_eff,0.04900893201147379,0.2957189640611304,0.27783969103488604,-0.2467100320496566,0.3268486230463598,True,True,True,True,True
GW250118_023225,NRSur7dq4,luminosity_distance,5804.571314915402,2865.416832491179,3841.3942147822545,2939.154482424223,9645.965529697656,True,True,True,True,True
GW250118_023225,NRSur7dq4,final_mass_source,70.49693740628875,12.53323002023204,18.156821682188976,57.96370738605671,88.65375908847773,True,True,True,True,True
GW250118_023225,NRSur7dq4,final_spin,0.693112647659236,0.13112227791910802,0.10608801269366652,0.561990369740128,0.7992006603529025,True,True,True,True,True
GW250118_170523,IMRPhenomXPHM-SpinTaylor,chirp_mass_source,29.011071055380526,2.901031591038219,3.4836111174403186,26.110039464342307,32.494682172820845,True,True,True,True,True
GW250118_170523,IMRPhenomXPHM-SpinTaylor,chi_eff,0.1182438819033008,0.18720667705165178,0.1837102425800552,-0.06896279514835098,0.301954124483356,True,True,True,True,True
GW250118_170523,IMRPhenomXPHM-SpinTaylor,luminosity_distance,1908.1064314857574,740.7088662148692,798.6831509267006,1167.3975652708882,2706.789582412458,True,True,True,True,True
GW250118_170523,IMRPhenomXPHM-SpinTaylor,final_mass_source,64.4001954522973,6.176472610714342,7.29932351455345,58.223722841582955,71.69951896685075,True,True,True,True,True
GW250118_170523,IMRPhenomXPHM-SpinTaylor,final_spin,0.727340036434112,0.0722198056476091,0.07366690607858806,0.6551202307865029,0.8010069425127001,True,True,True,True,True
GW250118_170523,IMRPhenomXPNR,chirp_mass_source,29.045097319502794,2.9193781854331604,3.500305076291312,26.125719134069634,32.545402395794106,True,True,True,True,True
GW250118_170523,IMRPhenomXPNR,chi_eff,0.0917686864959672,0.19737276734153886,0.1888197855505826,-0.10560408084557166,0.2805884720465498,True,True,True,True,True
GW250118_170523,IMRPhenomXPNR,luminosity_distance,1868.5883636719186,680.8899929795925,770.0895003111536,1187.698370692326,2638.6778639830723,True,True,True,True,True
GW250118_170523,IMRPhenomXPNR,final_mass_source,64.40859480672682,6.168027159809952,7.453576500303782,58.24056764691687,71.86217130703061,True,True,True,True,True
GW250118_170523,IMRPhenomXPNR,final_spin,0.7236001953551391,0.07852518575468226,0.0721151459833883,0.6450750096004568,0.7957153413385274,True,True,True,True,True
GW250118_170523,NRSur7dq4,chirp_mass_source,29.3787124003681,3.1422413200955326,4.082480937786308,26.23647108027257,33.46119333815441,True,True,True,True,True
GW250118_170523,NRSur7dq4,chi_eff,0.12607491199835968,0.19781897991473452,0.2057309491259393,-0.07174406791637483,0.331805861124299,True,True,True,True,True
GW250118_170523,NRSur7dq4,luminosity_distance,1888.976640414714,734.2238285202357,807.3461856829017,1154.7528118944783,2696.3228260976157,True,True,True,True,True
GW250118_170523,NRSur7dq4,final_mass_source,65.00491838237477,6.691859729070956,8.648907558167622,58.31305865330381,73.65382594054239,True,True,True,True,True
GW250118_170523,NRSur7dq4,final_spin,0.7309819171120961,0.07501279504597513,0.08228914581504676,0.655969122066121,0.8132710629271429,True,True,True,True,True
