endpoint_id,pair_id,event_id,role,target_id,key_exact,key_canonical,line_number,section,declaration_scope,inherited_into_sections,inherited_reference_count,value_text,value_text_truncated,value_sha256
PAIR00018:BASE,PAIR00018,GW230601_224134,BASE,TARGET_LIKE_CANDIDATE,max-Kerr-amp-ratio,maxkerrampratio,28,input,SECTION_DIRECT,,0,0.0,false,8aed642bf5118b9d3c859bd4be35ecac75b6e873cce34e7b6f554b06f75550d7
PAIR00018:BASE,PAIR00018,GW230601_224134,BASE,KERR_MODES,kerr-modes,kerrmodes,29,input,SECTION_DIRECT,,0,"[(2,2,2,0)]",false,918b8617dd99e65be623b6a29009ed5cc07e2badeba955417690d4002c8f430b
PAIR00018:VARIANT,PAIR00018,GW230601_224134,VARIANT,TARGET_LIKE_CANDIDATE,max-Kerr-amp-ratio,maxkerrampratio,28,input,SECTION_DIRECT,,0,0.0,false,8aed642bf5118b9d3c859bd4be35ecac75b6e873cce34e7b6f554b06f75550d7
PAIR00018:VARIANT,PAIR00018,GW230601_224134,VARIANT,KERR_MODES,kerr-modes,kerrmodes,29,input,SECTION_DIRECT,,0,"[(2,2,2,0), (2,3,3,0)]",false,d76bcdaa27e2c6e0458335e2d2acf20b81b192774ebb101c8e7d3bbe0d8ef667
PAIR00063:BASE,PAIR00063,GW230609_064958,BASE,TARGET_LIKE_CANDIDATE,max-Kerr-amp-ratio,maxkerrampratio,28,input,SECTION_DIRECT,,0,0.0,false,8aed642bf5118b9d3c859bd4be35ecac75b6e873cce34e7b6f554b06f75550d7
PAIR00063:BASE,PAIR00063,GW230609_064958,BASE,KERR_MODES,kerr-modes,kerrmodes,29,input,SECTION_DIRECT,,0,"[(2,2,2,0)]",false,918b8617dd99e65be623b6a29009ed5cc07e2badeba955417690d4002c8f430b
PAIR00063:VARIANT,PAIR00063,GW230609_064958,VARIANT,TARGET_LIKE_CANDIDATE,max-Kerr-amp-ratio,maxkerrampratio,28,input,SECTION_DIRECT,,0,0.0,false,8aed642bf5118b9d3c859bd4be35ecac75b6e873cce34e7b6f554b06f75550d7
PAIR00063:VARIANT,PAIR00063,GW230609_064958,VARIANT,KERR_MODES,kerr-modes,kerrmodes,29,input,SECTION_DIRECT,,0,"[(2,2,2,0), (2,2,2,1)]",false,bc200f256cf28b74cec3f8e364af97fbd24eb4ea100fb87bf554622a407e809f
PAIR00106:BASE,PAIR00106,GW230628_231200,BASE,TARGET_LIKE_CANDIDATE,max-Kerr-amp-ratio,maxkerrampratio,28,input,SECTION_DIRECT,,0,0.0,false,8aed642bf5118b9d3c859bd4be35ecac75b6e873cce34e7b6f554b06f75550d7
PAIR00106:BASE,PAIR00106,GW230628_231200,BASE,KERR_MODES,kerr-modes,kerrmodes,29,input,SECTION_DIRECT,,0,"[(2,2,2,0)]",false,918b8617dd99e65be623b6a29009ed5cc07e2badeba955417690d4002c8f430b
PAIR00106:VARIANT,PAIR00106,GW230628_231200,VARIANT,TARGET_LIKE_CANDIDATE,max-Kerr-amp-ratio,maxkerrampratio,28,input,SECTION_DIRECT,,0,0.0,false,8aed642bf5118b9d3c859bd4be35ecac75b6e873cce34e7b6f554b06f75550d7
PAIR00106:VARIANT,PAIR00106,GW230628_231200,VARIANT,KERR_MODES,kerr-modes,kerrmodes,29,input,SECTION_DIRECT,,0,"[(2,2,2,0), (2,2,2,1)]",false,bc200f256cf28b74cec3f8e364af97fbd24eb4ea100fb87bf554622a407e809f
PAIR00144:BASE,PAIR00144,GW230811_032116,BASE,TARGET_LIKE_CANDIDATE,max-Kerr-amp-ratio,maxkerrampratio,28,input,SECTION_DIRECT,,0,0.0,false,8aed642bf5118b9d3c859bd4be35ecac75b6e873cce34e7b6f554b06f75550d7
PAIR00144:BASE,PAIR00144,GW230811_032116,BASE,KERR_MODES,kerr-modes,kerrmodes,29,input,SECTION_DIRECT,,0,"[(2,2,2,0)]",false,918b8617dd99e65be623b6a29009ed5cc07e2badeba955417690d4002c8f430b
PAIR00144:VARIANT,PAIR00144,GW230811_032116,VARIANT,TARGET_LIKE_CANDIDATE,max-Kerr-amp-ratio,maxkerrampratio,28,input,SECTION_DIRECT,,0,0.0,false,8aed642bf5118b9d3c859bd4be35ecac75b6e873cce34e7b6f554b06f75550d7
PAIR00144:VARIANT,PAIR00144,GW230811_032116,VARIANT,KERR_MODES,kerr-modes,kerrmodes,29,input,SECTION_DIRECT,,0,"[(2,2,2,0), (2,2,2,1)]",false,bc200f256cf28b74cec3f8e364af97fbd24eb4ea100fb87bf554622a407e809f
PAIR00187:BASE,PAIR00187,GW230814_061920,BASE,TARGET_LIKE_CANDIDATE,max-Kerr-amp-ratio,maxkerrampratio,28,input,SECTION_DIRECT,,0,0.0,false,8aed642bf5118b9d3c859bd4be35ecac75b6e873cce34e7b6f554b06f75550d7
PAIR00187:BASE,PAIR00187,GW230814_061920,BASE,KERR_MODES,kerr-modes,kerrmodes,29,input,SECTION_DIRECT,,0,"[(2,2,2,0)]",false,918b8617dd99e65be623b6a29009ed5cc07e2badeba955417690d4002c8f430b
PAIR00187:VARIANT,PAIR00187,GW230814_061920,VARIANT,TARGET_LIKE_CANDIDATE,max-Kerr-amp-ratio,maxkerrampratio,28,input,SECTION_DIRECT,,0,0.0,false,8aed642bf5118b9d3c859bd4be35ecac75b6e873cce34e7b6f554b06f75550d7
PAIR00187:VARIANT,PAIR00187,GW230814_061920,VARIANT,KERR_MODES,kerr-modes,kerrmodes,29,input,SECTION_DIRECT,,0,"[(2,2,2,0), (2,2,0,0)]",false,0d595cf40cf2425dc35d46e50a22b46261bb94fc6f61b36520f527c1cd03168f
PAIR00225:BASE,PAIR00225,GW230824_033047,BASE,TARGET_LIKE_CANDIDATE,max-Kerr-amp-ratio,maxkerrampratio,28,input,SECTION_DIRECT,,0,0.0,false,8aed642bf5118b9d3c859bd4be35ecac75b6e873cce34e7b6f554b06f75550d7
PAIR00225:BASE,PAIR00225,GW230824_033047,BASE,KERR_MODES,kerr-modes,kerrmodes,29,input,SECTION_DIRECT,,0,"[(2,2,2,0)]",false,918b8617dd99e65be623b6a29009ed5cc07e2badeba955417690d4002c8f430b
PAIR00225:VARIANT,PAIR00225,GW230824_033047,VARIANT,TARGET_LIKE_CANDIDATE,max-Kerr-amp-ratio,maxkerrampratio,28,input,SECTION_DIRECT,,0,0.0,false,8aed642bf5118b9d3c859bd4be35ecac75b6e873cce34e7b6f554b06f75550d7
PAIR00225:VARIANT,PAIR00225,GW230824_033047,VARIANT,KERR_MODES,kerr-modes,kerrmodes,29,input,SECTION_DIRECT,,0,"[(2,2,2,0), (2,3,2,0)]",false,8075378dd5a2edf48eebd53e80d9db914f017e62321215bc792b03c8bc4b9705
PAIR00270:BASE,PAIR00270,GW230914_111401,BASE,TARGET_LIKE_CANDIDATE,max-Kerr-amp-ratio,maxkerrampratio,28,input,SECTION_DIRECT,,0,0.0,false,8aed642bf5118b9d3c859bd4be35ecac75b6e873cce34e7b6f554b06f75550d7
PAIR00270:BASE,PAIR00270,GW230914_111401,BASE,KERR_MODES,kerr-modes,kerrmodes,29,input,SECTION_DIRECT,,0,"[(2,2,2,0)]",false,918b8617dd99e65be623b6a29009ed5cc07e2badeba955417690d4002c8f430b
PAIR00270:VARIANT,PAIR00270,GW230914_111401,VARIANT,TARGET_LIKE_CANDIDATE,max-Kerr-amp-ratio,maxkerrampratio,28,input,SECTION_DIRECT,,0,0.0,false,8aed642bf5118b9d3c859bd4be35ecac75b6e873cce34e7b6f554b06f75550d7
PAIR00270:VARIANT,PAIR00270,GW230914_111401,VARIANT,KERR_MODES,kerr-modes,kerrmodes,29,input,SECTION_DIRECT,,0,"[(2,2,2,0), (2,2,0,0)]",false,0d595cf40cf2425dc35d46e50a22b46261bb94fc6f61b36520f527c1cd03168f
PAIR00315:BASE,PAIR00315,GW230922_020344,BASE,TARGET_LIKE_CANDIDATE,max-Kerr-amp-ratio,maxkerrampratio,28,input,SECTION_DIRECT,,0,0.0,false,8aed642bf5118b9d3c859bd4be35ecac75b6e873cce34e7b6f554b06f75550d7
PAIR00315:BASE,PAIR00315,GW230922_020344,BASE,KERR_MODES,kerr-modes,kerrmodes,29,input,SECTION_DIRECT,,0,"[(2,2,2,0)]",false,918b8617dd99e65be623b6a29009ed5cc07e2badeba955417690d4002c8f430b
PAIR00315:VARIANT,PAIR00315,GW230922_020344,VARIANT,TARGET_LIKE_CANDIDATE,max-Kerr-amp-ratio,maxkerrampratio,28,input,SECTION_DIRECT,,0,0.0,false,8aed642bf5118b9d3c859bd4be35ecac75b6e873cce34e7b6f554b06f75550d7
PAIR00315:VARIANT,PAIR00315,GW230922_020344,VARIANT,KERR_MODES,kerr-modes,kerrmodes,29,input,SECTION_DIRECT,,0,"[(2,2,2,0), (2,2,1,0)]",false,26acb063da48cd3d13b325c6fcf635766d64ae0318ecb9d7b68d86e24b01ef1a
PAIR00360:BASE,PAIR00360,GW230922_040658,BASE,TARGET_LIKE_CANDIDATE,max-Kerr-amp-ratio,maxkerrampratio,28,input,SECTION_DIRECT,,0,0.0,false,8aed642bf5118b9d3c859bd4be35ecac75b6e873cce34e7b6f554b06f75550d7
PAIR00360:BASE,PAIR00360,GW230922_040658,BASE,KERR_MODES,kerr-modes,kerrmodes,29,input,SECTION_DIRECT,,0,"[(2,2,2,0)]",false,918b8617dd99e65be623b6a29009ed5cc07e2badeba955417690d4002c8f430b
PAIR00360:VARIANT,PAIR00360,GW230922_040658,VARIANT,TARGET_LIKE_CANDIDATE,max-Kerr-amp-ratio,maxkerrampratio,28,input,SECTION_DIRECT,,0,0.0,false,8aed642bf5118b9d3c859bd4be35ecac75b6e873cce34e7b6f554b06f75550d7
PAIR00360:VARIANT,PAIR00360,GW230922_040658,VARIANT,KERR_MODES,kerr-modes,kerrmodes,29,input,SECTION_DIRECT,,0,"[(2,2,2,0), (2,2,2,1)]",false,bc200f256cf28b74cec3f8e364af97fbd24eb4ea100fb87bf554622a407e809f
PAIR00405:BASE,PAIR00405,GW230924_124453,BASE,TARGET_LIKE_CANDIDATE,max-Kerr-amp-ratio,maxkerrampratio,28,input,SECTION_DIRECT,,0,0.0,false,8aed642bf5118b9d3c859bd4be35ecac75b6e873cce34e7b6f554b06f75550d7
PAIR00405:BASE,PAIR00405,GW230924_124453,BASE,KERR_MODES,kerr-modes,kerrmodes,29,input,SECTION_DIRECT,,0,"[(2,2,2,0)]",false,918b8617dd99e65be623b6a29009ed5cc07e2badeba955417690d4002c8f430b
PAIR00405:VARIANT,PAIR00405,GW230924_124453,VARIANT,TARGET_LIKE_CANDIDATE,max-Kerr-amp-ratio,maxkerrampratio,28,input,SECTION_DIRECT,,0,0.0,false,8aed642bf5118b9d3c859bd4be35ecac75b6e873cce34e7b6f554b06f75550d7
PAIR00405:VARIANT,PAIR00405,GW230924_124453,VARIANT,KERR_MODES,kerr-modes,kerrmodes,29,input,SECTION_DIRECT,,0,"[(2,2,2,0), (2,2,2,1)]",false,bc200f256cf28b74cec3f8e364af97fbd24eb4ea100fb87bf554622a407e809f
PAIR00450:BASE,PAIR00450,GW230927_043729,BASE,TARGET_LIKE_CANDIDATE,max-Kerr-amp-ratio,maxkerrampratio,28,input,SECTION_DIRECT,,0,0.0,false,8aed642bf5118b9d3c859bd4be35ecac75b6e873cce34e7b6f554b06f75550d7
PAIR00450:BASE,PAIR00450,GW230927_043729,BASE,KERR_MODES,kerr-modes,kerrmodes,29,input,SECTION_DIRECT,,0,"[(2,2,2,0)]",false,918b8617dd99e65be623b6a29009ed5cc07e2badeba955417690d4002c8f430b
PAIR00450:VARIANT,PAIR00450,GW230927_043729,VARIANT,TARGET_LIKE_CANDIDATE,max-Kerr-amp-ratio,maxkerrampratio,28,input,SECTION_DIRECT,,0,0.0,false,8aed642bf5118b9d3c859bd4be35ecac75b6e873cce34e7b6f554b06f75550d7
PAIR00450:VARIANT,PAIR00450,GW230927_043729,VARIANT,KERR_MODES,kerr-modes,kerrmodes,29,input,SECTION_DIRECT,,0,"[(2,2,2,0), (2,2,2,1)]",false,bc200f256cf28b74cec3f8e364af97fbd24eb4ea100fb87bf554622a407e809f
PAIR00495:BASE,PAIR00495,GW230927_153832,BASE,TARGET_LIKE_CANDIDATE,max-Kerr-amp-ratio,maxkerrampratio,28,input,SECTION_DIRECT,,0,0.0,false,8aed642bf5118b9d3c859bd4be35ecac75b6e873cce34e7b6f554b06f75550d7
PAIR00495:BASE,PAIR00495,GW230927_153832,BASE,KERR_MODES,kerr-modes,kerrmodes,29,input,SECTION_DIRECT,,0,"[(2,2,2,0)]",false,918b8617dd99e65be623b6a29009ed5cc07e2badeba955417690d4002c8f430b
PAIR00495:VARIANT,PAIR00495,GW230927_153832,VARIANT,TARGET_LIKE_CANDIDATE,max-Kerr-amp-ratio,maxkerrampratio,28,input,SECTION_DIRECT,,0,0.0,false,8aed642bf5118b9d3c859bd4be35ecac75b6e873cce34e7b6f554b06f75550d7
PAIR00495:VARIANT,PAIR00495,GW230927_153832,VARIANT,KERR_MODES,kerr-modes,kerrmodes,29,input,SECTION_DIRECT,,0,"[(2,2,2,0), (2,2,1,0)]",false,26acb063da48cd3d13b325c6fcf635766d64ae0318ecb9d7b68d86e24b01ef1a
PAIR00540:BASE,PAIR00540,GW230928_215827,BASE,TARGET_LIKE_CANDIDATE,max-Kerr-amp-ratio,maxkerrampratio,28,input,SECTION_DIRECT,,0,0.0,false,8aed642bf5118b9d3c859bd4be35ecac75b6e873cce34e7b6f554b06f75550d7
PAIR00540:BASE,PAIR00540,GW230928_215827,BASE,KERR_MODES,kerr-modes,kerrmodes,29,input,SECTION_DIRECT,,0,"[(2,2,2,0)]",false,918b8617dd99e65be623b6a29009ed5cc07e2badeba955417690d4002c8f430b
PAIR00540:VARIANT,PAIR00540,GW230928_215827,VARIANT,TARGET_LIKE_CANDIDATE,max-Kerr-amp-ratio,maxkerrampratio,28,input,SECTION_DIRECT,,0,0.0,false,8aed642bf5118b9d3c859bd4be35ecac75b6e873cce34e7b6f554b06f75550d7
PAIR00540:VARIANT,PAIR00540,GW230928_215827,VARIANT,KERR_MODES,kerr-modes,kerrmodes,29,input,SECTION_DIRECT,,0,"[(2,2,2,0), (2,3,2,0)]",false,8075378dd5a2edf48eebd53e80d9db914f017e62321215bc792b03c8bc4b9705
PAIR00583:BASE,PAIR00583,GW231001_140220,BASE,TARGET_LIKE_CANDIDATE,max-Kerr-amp-ratio,maxkerrampratio,28,input,SECTION_DIRECT,,0,0.0,false,8aed642bf5118b9d3c859bd4be35ecac75b6e873cce34e7b6f554b06f75550d7
PAIR00583:BASE,PAIR00583,GW231001_140220,BASE,KERR_MODES,kerr-modes,kerrmodes,29,input,SECTION_DIRECT,,0,"[(2,2,2,0)]",false,918b8617dd99e65be623b6a29009ed5cc07e2badeba955417690d4002c8f430b
PAIR00583:VARIANT,PAIR00583,GW231001_140220,VARIANT,TARGET_LIKE_CANDIDATE,max-Kerr-amp-ratio,maxkerrampratio,28,input,SECTION_DIRECT,,0,0.0,false,8aed642bf5118b9d3c859bd4be35ecac75b6e873cce34e7b6f554b06f75550d7
PAIR00583:VARIANT,PAIR00583,GW231001_140220,VARIANT,KERR_MODES,kerr-modes,kerrmodes,29,input,SECTION_DIRECT,,0,"[(2,2,2,0), (2,2,2,1)]",false,bc200f256cf28b74cec3f8e364af97fbd24eb4ea100fb87bf554622a407e809f
PAIR00621:BASE,PAIR00621,GW231028_153006,BASE,TARGET_LIKE_CANDIDATE,max-Kerr-amp-ratio,maxkerrampratio,28,input,SECTION_DIRECT,,0,0.0,false,8aed642bf5118b9d3c859bd4be35ecac75b6e873cce34e7b6f554b06f75550d7
PAIR00621:BASE,PAIR00621,GW231028_153006,BASE,KERR_MODES,kerr-modes,kerrmodes,29,input,SECTION_DIRECT,,0,"[(2,2,2,0)]",false,918b8617dd99e65be623b6a29009ed5cc07e2badeba955417690d4002c8f430b
PAIR00621:VARIANT,PAIR00621,GW231028_153006,VARIANT,TARGET_LIKE_CANDIDATE,max-Kerr-amp-ratio,maxkerrampratio,28,input,SECTION_DIRECT,,0,0.0,false,8aed642bf5118b9d3c859bd4be35ecac75b6e873cce34e7b6f554b06f75550d7
PAIR00621:VARIANT,PAIR00621,GW231028_153006,VARIANT,KERR_MODES,kerr-modes,kerrmodes,29,input,SECTION_DIRECT,,0,"[(2,2,2,0), (2,2,0,0)]",false,0d595cf40cf2425dc35d46e50a22b46261bb94fc6f61b36520f527c1cd03168f
PAIR00666:BASE,PAIR00666,GW231102_071736,BASE,TARGET_LIKE_CANDIDATE,max-Kerr-amp-ratio,maxkerrampratio,28,input,SECTION_DIRECT,,0,0.0,false,8aed642bf5118b9d3c859bd4be35ecac75b6e873cce34e7b6f554b06f75550d7
PAIR00666:BASE,PAIR00666,GW231102_071736,BASE,KERR_MODES,kerr-modes,kerrmodes,29,input,SECTION_DIRECT,,0,"[(2,2,2,0)]",false,918b8617dd99e65be623b6a29009ed5cc07e2badeba955417690d4002c8f430b
PAIR00666:VARIANT,PAIR00666,GW231102_071736,VARIANT,TARGET_LIKE_CANDIDATE,max-Kerr-amp-ratio,maxkerrampratio,28,input,SECTION_DIRECT,,0,0.0,false,8aed642bf5118b9d3c859bd4be35ecac75b6e873cce34e7b6f554b06f75550d7
PAIR00666:VARIANT,PAIR00666,GW231102_071736,VARIANT,KERR_MODES,kerr-modes,kerrmodes,29,input,SECTION_DIRECT,,0,"[(2,2,2,0), (2,3,2,0)]",false,8075378dd5a2edf48eebd53e80d9db914f017e62321215bc792b03c8bc4b9705
PAIR00711:BASE,PAIR00711,GW231108_125142,BASE,TARGET_LIKE_CANDIDATE,max-Kerr-amp-ratio,maxkerrampratio,28,input,SECTION_DIRECT,,0,0.0,false,8aed642bf5118b9d3c859bd4be35ecac75b6e873cce34e7b6f554b06f75550d7
PAIR00711:BASE,PAIR00711,GW231108_125142,BASE,KERR_MODES,kerr-modes,kerrmodes,29,input,SECTION_DIRECT,,0,"[(2,2,2,0)]",false,918b8617dd99e65be623b6a29009ed5cc07e2badeba955417690d4002c8f430b
PAIR00711:VARIANT,PAIR00711,GW231108_125142,VARIANT,TARGET_LIKE_CANDIDATE,max-Kerr-amp-ratio,maxkerrampratio,28,input,SECTION_DIRECT,,0,0.0,false,8aed642bf5118b9d3c859bd4be35ecac75b6e873cce34e7b6f554b06f75550d7
PAIR00711:VARIANT,PAIR00711,GW231108_125142,VARIANT,KERR_MODES,kerr-modes,kerrmodes,29,input,SECTION_DIRECT,,0,"[(2,2,2,0), (2,2,2,1)]",false,bc200f256cf28b74cec3f8e364af97fbd24eb4ea100fb87bf554622a407e809f
PAIR00754:BASE,PAIR00754,GW231206_233134,BASE,TARGET_LIKE_CANDIDATE,max-Kerr-amp-ratio,maxkerrampratio,28,input,SECTION_DIRECT,,0,0.0,false,8aed642bf5118b9d3c859bd4be35ecac75b6e873cce34e7b6f554b06f75550d7
PAIR00754:BASE,PAIR00754,GW231206_233134,BASE,KERR_MODES,kerr-modes,kerrmodes,29,input,SECTION_DIRECT,,0,"[(2,2,2,0)]",false,918b8617dd99e65be623b6a29009ed5cc07e2badeba955417690d4002c8f430b
PAIR00754:VARIANT,PAIR00754,GW231206_233134,VARIANT,TARGET_LIKE_CANDIDATE,max-Kerr-amp-ratio,maxkerrampratio,28,input,SECTION_DIRECT,,0,0.0,false,8aed642bf5118b9d3c859bd4be35ecac75b6e873cce34e7b6f554b06f75550d7
PAIR00754:VARIANT,PAIR00754,GW231206_233134,VARIANT,KERR_MODES,kerr-modes,kerrmodes,29,input,SECTION_DIRECT,,0,"[(2,2,2,0), (2,3,2,0)]",false,8075378dd5a2edf48eebd53e80d9db914f017e62321215bc792b03c8bc4b9705
PAIR00792:BASE,PAIR00792,GW231206_233901,BASE,TARGET_LIKE_CANDIDATE,max-Kerr-amp-ratio,maxkerrampratio,28,input,SECTION_DIRECT,,0,0.0,false,8aed642bf5118b9d3c859bd4be35ecac75b6e873cce34e7b6f554b06f75550d7
PAIR00792:BASE,PAIR00792,GW231206_233901,BASE,KERR_MODES,kerr-modes,kerrmodes,29,input,SECTION_DIRECT,,0,"[(2,2,2,0)]",false,918b8617dd99e65be623b6a29009ed5cc07e2badeba955417690d4002c8f430b
PAIR00792:VARIANT,PAIR00792,GW231206_233901,VARIANT,TARGET_LIKE_CANDIDATE,max-Kerr-amp-ratio,maxkerrampratio,28,input,SECTION_DIRECT,,0,0.0,false,8aed642bf5118b9d3c859bd4be35ecac75b6e873cce34e7b6f554b06f75550d7
PAIR00792:VARIANT,PAIR00792,GW231206_233901,VARIANT,KERR_MODES,kerr-modes,kerrmodes,29,input,SECTION_DIRECT,,0,"[(2,2,2,0), (2,2,2,1)]",false,bc200f256cf28b74cec3f8e364af97fbd24eb4ea100fb87bf554622a407e809f
PAIR00837:BASE,PAIR00837,GW231213_111417,BASE,TARGET_LIKE_CANDIDATE,max-Kerr-amp-ratio,maxkerrampratio,28,input,SECTION_DIRECT,,0,0.0,false,8aed642bf5118b9d3c859bd4be35ecac75b6e873cce34e7b6f554b06f75550d7
PAIR00837:BASE,PAIR00837,GW231213_111417,BASE,KERR_MODES,kerr-modes,kerrmodes,29,input,SECTION_DIRECT,,0,"[(2,2,2,0)]",false,918b8617dd99e65be623b6a29009ed5cc07e2badeba955417690d4002c8f430b
PAIR00837:VARIANT,PAIR00837,GW231213_111417,VARIANT,TARGET_LIKE_CANDIDATE,max-Kerr-amp-ratio,maxkerrampratio,28,input,SECTION_DIRECT,,0,0.0,false,8aed642bf5118b9d3c859bd4be35ecac75b6e873cce34e7b6f554b06f75550d7
PAIR00837:VARIANT,PAIR00837,GW231213_111417,VARIANT,KERR_MODES,kerr-modes,kerrmodes,29,input,SECTION_DIRECT,,0,"[(2,2,2,0), (2,2,2,1)]",false,bc200f256cf28b74cec3f8e364af97fbd24eb4ea100fb87bf554622a407e809f
PAIR00880:BASE,PAIR00880,GW231223_032836,BASE,TARGET_LIKE_CANDIDATE,max-Kerr-amp-ratio,maxkerrampratio,28,input,SECTION_DIRECT,,0,0.0,false,8aed642bf5118b9d3c859bd4be35ecac75b6e873cce34e7b6f554b06f75550d7
PAIR00880:BASE,PAIR00880,GW231223_032836,BASE,KERR_MODES,kerr-modes,kerrmodes,29,input,SECTION_DIRECT,,0,"[(2,2,2,0)]",false,918b8617dd99e65be623b6a29009ed5cc07e2badeba955417690d4002c8f430b
PAIR00880:VARIANT,PAIR00880,GW231223_032836,VARIANT,TARGET_LIKE_CANDIDATE,max-Kerr-amp-ratio,maxkerrampratio,28,input,SECTION_DIRECT,,0,0.0,false,8aed642bf5118b9d3c859bd4be35ecac75b6e873cce34e7b6f554b06f75550d7
PAIR00880:VARIANT,PAIR00880,GW231223_032836,VARIANT,KERR_MODES,kerr-modes,kerrmodes,29,input,SECTION_DIRECT,,0,"[(2,2,2,0), (2,2,2,1)]",false,bc200f256cf28b74cec3f8e364af97fbd24eb4ea100fb87bf554622a407e809f
PAIR00918:BASE,PAIR00918,GW231226_101520,BASE,TARGET_LIKE_CANDIDATE,max-Kerr-amp-ratio,maxkerrampratio,28,input,SECTION_DIRECT,,0,0.0,false,8aed642bf5118b9d3c859bd4be35ecac75b6e873cce34e7b6f554b06f75550d7
PAIR00918:BASE,PAIR00918,GW231226_101520,BASE,KERR_MODES,kerr-modes,kerrmodes,29,input,SECTION_DIRECT,,0,"[(2,2,2,0)]",false,918b8617dd99e65be623b6a29009ed5cc07e2badeba955417690d4002c8f430b
PAIR00918:VARIANT,PAIR00918,GW231226_101520,VARIANT,TARGET_LIKE_CANDIDATE,max-Kerr-amp-ratio,maxkerrampratio,28,input,SECTION_DIRECT,,0,0.0,false,8aed642bf5118b9d3c859bd4be35ecac75b6e873cce34e7b6f554b06f75550d7
PAIR00918:VARIANT,PAIR00918,GW231226_101520,VARIANT,KERR_MODES,kerr-modes,kerrmodes,29,input,SECTION_DIRECT,,0,"[(2,2,2,0), (2,2,1,0)]",false,26acb063da48cd3d13b325c6fcf635766d64ae0318ecb9d7b68d86e24b01ef1a
