event,missing_models,masked_fields,summary_filenames,expected_filename,summary_filename_pass,zenodo_file_manifest_pass
GW230518_125908,C00:SEOBNRv5PHM|C00:NRSur7dq4,C00:IMRPhenomXPHM-SpinTaylor:final_mass_source_median.mask|C00:IMRPhenomXPHM-SpinTaylor:final_mass_source_lower.mask|C00:IMRPhenomXPHM-SpinTaylor:final_mass_source_upper.mask|C00:IMRPhenomXPHM-SpinTaylor:final_spin_median.mask|C00:IMRPhenomXPHM-SpinTaylor:final_spin_lower.mask|C00:IMRPhenomXPHM-SpinTaylor:final_spin_upper.mask,IGWN-GWTC4p1-18965dda8_5-GW230518_125908-combined_PEDataRelease.hdf5,IGWN-GWTC4p1-18965dda8_5-GW230518_125908-combined_PEDataRelease.hdf5,True,True
GW230605_065343,C00:NRSur7dq4,,IGWN-GWTC4p1-18965dda8_5-GW230605_065343-combined_PEDataRelease.hdf5,IGWN-GWTC4p1-18965dda8_5-GW230605_065343-combined_PEDataRelease.hdf5,True,True
GW230624_113103,C00:NRSur7dq4,,IGWN-GWTC4p1-18965dda8_5-GW230624_113103-combined_PEDataRelease.hdf5,IGWN-GWTC4p1-18965dda8_5-GW230624_113103-combined_PEDataRelease.hdf5,True,True
GW230627_015337,C00:NRSur7dq4,,IGWN-GWTC4p1-18965dda8_5-GW230627_015337-combined_PEDataRelease.hdf5,IGWN-GWTC4p1-18965dda8_5-GW230627_015337-combined_PEDataRelease.hdf5,True,True
GW230630_234532,C00:NRSur7dq4,,IGWN-GWTC4p1-18965dda8_5-GW230630_234532-combined_PEDataRelease.hdf5,IGWN-GWTC4p1-18965dda8_5-GW230630_234532-combined_PEDataRelease.hdf5,True,True
GW230704_212616,C00:NRSur7dq4,,IGWN-GWTC4p1-18965dda8_5-GW230704_212616-combined_PEDataRelease.hdf5,IGWN-GWTC4p1-18965dda8_5-GW230704_212616-combined_PEDataRelease.hdf5,True,True
GW230706_104333,C00:NRSur7dq4,,IGWN-GWTC4p1-18965dda8_5-GW230706_104333-combined_PEDataRelease.hdf5,IGWN-GWTC4p1-18965dda8_5-GW230706_104333-combined_PEDataRelease.hdf5,True,True
GW230712_090405,C00:NRSur7dq4,,IGWN-GWTC4p1-18965dda8_5-GW230712_090405-combined_PEDataRelease.hdf5,IGWN-GWTC4p1-18965dda8_5-GW230712_090405-combined_PEDataRelease.hdf5,True,True
GW230723_101834,C00:NRSur7dq4,,IGWN-GWTC4p1-18965dda8_5-GW230723_101834-combined_PEDataRelease.hdf5,IGWN-GWTC4p1-18965dda8_5-GW230723_101834-combined_PEDataRelease.hdf5,True,True
GW230729_082317,C00:NRSur7dq4,,IGWN-GWTC4p1-18965dda8_5-GW230729_082317-combined_PEDataRelease.hdf5,IGWN-GWTC4p1-18965dda8_5-GW230729_082317-combined_PEDataRelease.hdf5,True,True
GW230731_215307,C00:NRSur7dq4,,IGWN-GWTC4p1-18965dda8_5-GW230731_215307-combined_PEDataRelease.hdf5,IGWN-GWTC4p1-18965dda8_5-GW230731_215307-combined_PEDataRelease.hdf5,True,True
GW230803_033412,C00:NRSur7dq4,,IGWN-GWTC4p1-18965dda8_5-GW230803_033412-combined_PEDataRelease.hdf5,IGWN-GWTC4p1-18965dda8_5-GW230803_033412-combined_PEDataRelease.hdf5,True,True
GW230819_171910,C00:NRSur7dq4,,IGWN-GWTC4p1-18965dda8_5-GW230819_171910-combined_PEDataRelease.hdf5,IGWN-GWTC4p1-18965dda8_5-GW230819_171910-combined_PEDataRelease.hdf5,True,True
GW230820_212515,C00:NRSur7dq4,,IGWN-GWTC4p1-18965dda8_5-GW230820_212515-combined_PEDataRelease.hdf5,IGWN-GWTC4p1-18965dda8_5-GW230820_212515-combined_PEDataRelease.hdf5,True,True
GW230831_015414,C00:NRSur7dq4,,IGWN-GWTC4p1-18965dda8_5-GW230831_015414-combined_PEDataRelease.hdf5,IGWN-GWTC4p1-18965dda8_5-GW230831_015414-combined_PEDataRelease.hdf5,True,True
GW230904_051013,C00:NRSur7dq4,,IGWN-GWTC4p1-18965dda8_5-GW230904_051013-combined_PEDataRelease.hdf5,IGWN-GWTC4p1-18965dda8_5-GW230904_051013-combined_PEDataRelease.hdf5,True,True
GW230911_195324,C00:NRSur7dq4,,IGWN-GWTC4p1-18965dda8_5-GW230911_195324-combined_PEDataRelease.hdf5,IGWN-GWTC4p1-18965dda8_5-GW230911_195324-combined_PEDataRelease.hdf5,True,True
GW230919_215712,C00:NRSur7dq4,,IGWN-GWTC4p1-18965dda8_5-GW230919_215712-combined_PEDataRelease.hdf5,IGWN-GWTC4p1-18965dda8_5-GW230919_215712-combined_PEDataRelease.hdf5,True,True
GW230927_153832,C00:NRSur7dq4,,IGWN-GWTC4p1-18965dda8_5-GW230927_153832-combined_PEDataRelease.hdf5,IGWN-GWTC4p1-18965dda8_5-GW230927_153832-combined_PEDataRelease.hdf5,True,True
GW231001_140220,C00:NRSur7dq4,,IGWN-GWTC4p1-18965dda8_5-GW231001_140220-combined_PEDataRelease.hdf5,IGWN-GWTC4p1-18965dda8_5-GW231001_140220-combined_PEDataRelease.hdf5,True,True
GW231004_232346,C00:NRSur7dq4,,IGWN-GWTC4p1-18965dda8_5-GW231004_232346-combined_PEDataRelease.hdf5,IGWN-GWTC4p1-18965dda8_5-GW231004_232346-combined_PEDataRelease.hdf5,True,True
GW231005_021030,C00:NRSur7dq4,,IGWN-GWTC4p1-18965dda8_5-GW231005_021030-combined_PEDataRelease.hdf5,IGWN-GWTC4p1-18965dda8_5-GW231005_021030-combined_PEDataRelease.hdf5,True,True
GW231014_040532,C00:NRSur7dq4,,IGWN-GWTC4p1-18965dda8_5-GW231014_040532-combined_PEDataRelease.hdf5,IGWN-GWTC4p1-18965dda8_5-GW231014_040532-combined_PEDataRelease.hdf5,True,True
GW231018_233037,C00:NRSur7dq4,,IGWN-GWTC4p1-18965dda8_5-GW231018_233037-combined_PEDataRelease.hdf5,IGWN-GWTC4p1-18965dda8_5-GW231018_233037-combined_PEDataRelease.hdf5,True,True
GW231020_142947,C00:NRSur7dq4,,IGWN-GWTC4p1-18965dda8_5-GW231020_142947-combined_PEDataRelease.hdf5,IGWN-GWTC4p1-18965dda8_5-GW231020_142947-combined_PEDataRelease.hdf5,True,True
GW231026_130704,,C00:SEOBNRv5PHM:final_mass_source_median.mask|C00:SEOBNRv5PHM:final_mass_source_lower.mask|C00:SEOBNRv5PHM:final_mass_source_upper.mask|C00:SEOBNRv5PHM:final_spin_median.mask|C00:SEOBNRv5PHM:final_spin_lower.mask|C00:SEOBNRv5PHM:final_spin_upper.mask,IGWN-GWTC4p1-18965dda8_5-GW231026_130704-combined_PEDataRelease.hdf5,IGWN-GWTC4p1-18965dda8_5-GW231026_130704-combined_PEDataRelease.hdf5,True,True
GW231104_133418,C00:NRSur7dq4,,IGWN-GWTC4p1-18965dda8_5-GW231104_133418-combined_PEDataRelease.hdf5,IGWN-GWTC4p1-18965dda8_5-GW231104_133418-combined_PEDataRelease.hdf5,True,True
GW231108_125142,C00:NRSur7dq4,,IGWN-GWTC4p1-18965dda8_5-GW231108_125142-combined_PEDataRelease.hdf5,IGWN-GWTC4p1-18965dda8_5-GW231108_125142-combined_PEDataRelease.hdf5,True,True
GW231110_040320,C00:NRSur7dq4,,IGWN-GWTC4p1-18965dda8_5-GW231110_040320-combined_PEDataRelease.hdf5,IGWN-GWTC4p1-18965dda8_5-GW231110_040320-combined_PEDataRelease.hdf5,True,True
GW231113_122623,C00:NRSur7dq4,,IGWN-GWTC4p1-18965dda8_5-GW231113_122623-combined_PEDataRelease.hdf5,IGWN-GWTC4p1-18965dda8_5-GW231113_122623-combined_PEDataRelease.hdf5,True,True
GW231113_150041,C00:NRSur7dq4,C00:SEOBNRv5PHM:final_mass_source_median.mask|C00:SEOBNRv5PHM:final_mass_source_lower.mask|C00:SEOBNRv5PHM:final_mass_source_upper.mask|C00:SEOBNRv5PHM:final_spin_median.mask|C00:SEOBNRv5PHM:final_spin_lower.mask|C00:SEOBNRv5PHM:final_spin_upper.mask,IGWN-GWTC4p1-18965dda8_5-GW231113_150041-combined_PEDataRelease.hdf5,IGWN-GWTC4p1-18965dda8_5-GW231113_150041-combined_PEDataRelease.hdf5,True,True
GW231113_200417,C00:NRSur7dq4,,IGWN-GWTC4p1-18965dda8_5-GW231113_200417-combined_PEDataRelease.hdf5,IGWN-GWTC4p1-18965dda8_5-GW231113_200417-combined_PEDataRelease.hdf5,True,True
GW231114_043211,C00:NRSur7dq4,,IGWN-GWTC4p1-18965dda8_5-GW231114_043211-combined_PEDataRelease.hdf5,IGWN-GWTC4p1-18965dda8_5-GW231114_043211-combined_PEDataRelease.hdf5,True,True
GW231118_005626,C00:NRSur7dq4,,IGWN-GWTC4p1-18965dda8_5-GW231118_005626-combined_PEDataRelease.hdf5,IGWN-GWTC4p1-18965dda8_5-GW231118_005626-combined_PEDataRelease.hdf5,True,True
GW231118_090602,C00:NRSur7dq4,,IGWN-GWTC4p1-18965dda8_5-GW231118_090602-combined_PEDataRelease.hdf5,IGWN-GWTC4p1-18965dda8_5-GW231118_090602-combined_PEDataRelease.hdf5,True,True
GW231221_135041,C00:NRSur7dq4,,IGWN-GWTC4p1-18965dda8_5-GW231221_135041-combined_PEDataRelease.hdf5,IGWN-GWTC4p1-18965dda8_5-GW231221_135041-combined_PEDataRelease.hdf5,True,True
GW231223_075055,C00:NRSur7dq4,,IGWN-GWTC4p1-18965dda8_5-GW231223_075055-combined_PEDataRelease.hdf5,IGWN-GWTC4p1-18965dda8_5-GW231223_075055-combined_PEDataRelease.hdf5,True,True
GW231223_202619,C00:NRSur7dq4,,IGWN-GWTC4p1-18965dda8_5-GW231223_202619-combined_PEDataRelease.hdf5,IGWN-GWTC4p1-18965dda8_5-GW231223_202619-combined_PEDataRelease.hdf5,True,True
GW231224_024321,C00:NRSur7dq4,,IGWN-GWTC4p1-18965dda8_5-GW231224_024321-combined_PEDataRelease.hdf5,IGWN-GWTC4p1-18965dda8_5-GW231224_024321-combined_PEDataRelease.hdf5,True,True
GW231230_170116,C00:NRSur7dq4,,IGWN-GWTC4p1-18965dda8_5-GW231230_170116-combined_PEDataRelease.hdf5,IGWN-GWTC4p1-18965dda8_5-GW231230_170116-combined_PEDataRelease.hdf5,True,True
GW231231_154016,C00:NRSur7dq4,,IGWN-GWTC4p1-18965dda8_5-GW231231_154016-combined_PEDataRelease.hdf5,IGWN-GWTC4p1-18965dda8_5-GW231231_154016-combined_PEDataRelease.hdf5,True,True
GW240107_013215,C00:NRSur7dq4,,IGWN-GWTC4p1-18965dda8_5-GW240107_013215-combined_PEDataRelease.hdf5,IGWN-GWTC4p1-18965dda8_5-GW240107_013215-combined_PEDataRelease.hdf5,True,True
GW240109_050431,C00:NRSur7dq4,,IGWN-GWTC4p1-18965dda8_5-GW240109_050431-combined_PEDataRelease.hdf5,IGWN-GWTC4p1-18965dda8_5-GW240109_050431-combined_PEDataRelease.hdf5,True,True
