dimension,preregistration_state,phase7_action,claim_boundary
numeric_threshold_grid,NOT_PREREGISTERED_EXPLICIT_GRID,NOT_RUN_NOT_PREREGISTERED,No post-hoc threshold sweep may be called confirmatory.
p_astro_operator_equality,PRE_FROZEN,RUN_BOUNDARY_AUDIT,>0.5 and >=0.5 remain source-native; exact 0.5 sensitivity only.
censoring_bounds,PRE_FROZEN,RUN_BOUND_AUDIT,Never substitute bound value as exact.
cross_release_identity,PRE_FROZEN,RUN_DEPENDENCE_AUDIT,Report dependence on exact superevent vs fallback; do not invent new tolerance sweep.
surface_identity_gps_tolerance,PRE_FROZEN_1S,RUN_MARGIN_AUDIT,Use only margin to frozen 1.0 s rule; no alternative tolerance grid.
pipeline_far_unit,UNRESOLVED_FROZEN,NOT_RUN_NUMERIC_FAR_SWEEP,No unit inference.
negative_control,NOT_ESTABLISHED_FROZEN,NOT_RUN_AS_CONTROL,MBTA/cWB not promoted to unchanged control.
official_bbh_class,UNAVAILABLE_FROZEN,P01_REMAINS_NOT_EVALUABLE,No mass/p_BBH substitution.
unresolved_coverage,PLANNED_BOUNDED_SENSITIVITY,RUN_WORST_CASE_BOUNDS,Compute logical bounds without altering thresholds or imputing missing rows.
