candidate_key,detector,final_dependency_class,robustness_classification_stability,gating_presence_robustness,public_layer_attribution_grade,production_search_attribution_grade,confirmatory_materiality_enabled,protocol_deviation_label
GWTC-4.0:S230817ax,L1,PUBLIC_REPRESENTATION_SPECIFIC,STABLE,STABLE,DIRECT,UNRESOLVED_NOT_CLAIMED,FALSE,PROTOCOL_DEVIATION_BOUNDED_23
GWTC-4.0:S231007az,H1,PUBLIC_REPRESENTATION_SPECIFIC,STABLE,STABLE,DIRECT,UNRESOLVED_NOT_CLAIMED,FALSE,PROTOCOL_DEVIATION_BOUNDED_23
GWTC-4.0:S231007az,L1,CALIBRATION_LIMITED,STABLE,STABLE,DIRECT,UNRESOLVED_NOT_CLAIMED,FALSE,PROTOCOL_DEVIATION_BOUNDED_23
GWTC-4.0:S231019cu,H1,CALIBRATION_LIMITED,STABLE,STABLE,DIRECT,UNRESOLVED_NOT_CLAIMED,FALSE,PROTOCOL_DEVIATION_BOUNDED_23
GWTC-4.0:S231124ch,L1,PUBLIC_REPRESENTATION_SPECIFIC,STABLE,STABLE,DIRECT,UNRESOLVED_NOT_CLAIMED,FALSE,PROTOCOL_DEVIATION_BOUNDED_23
GWTC-4.0:S231126ct,L1,PUBLIC_REPRESENTATION_SPECIFIC,STABLE,STABLE,DIRECT,UNRESOLVED_NOT_CLAIMED,FALSE,PROTOCOL_DEVIATION_BOUNDED_23
GWTC-4.0:S240114f,H1,CALIBRATION_LIMITED,STABLE,STABLE,DIRECT,UNRESOLVED_NOT_CLAIMED,FALSE,PROTOCOL_DEVIATION_BOUNDED_23
GWTC-4.0:S240114f,L1,PUBLIC_REPRESENTATION_SPECIFIC,STABLE,STABLE,DIRECT,UNRESOLVED_NOT_CLAIMED,FALSE,PROTOCOL_DEVIATION_BOUNDED_23
GWTC-4.1:S230530p,H1,PUBLIC_REPRESENTATION_SPECIFIC,STABLE,STABLE,DIRECT,UNRESOLVED_NOT_CLAIMED,FALSE,PROTOCOL_DEVIATION_BOUNDED_23
GWTC-4.1:S230530p,L1,PUBLIC_REPRESENTATION_SPECIFIC,STABLE,STABLE,DIRECT,UNRESOLVED_NOT_CLAIMED,FALSE,PROTOCOL_DEVIATION_BOUNDED_23
GWTC-4.1:S230917bz,H1,PUBLIC_REPRESENTATION_SPECIFIC,STABLE,STABLE,DIRECT,UNRESOLVED_NOT_CLAIMED,FALSE,PROTOCOL_DEVIATION_BOUNDED_23
GWTC-4.1:S230917bz,L1,PUBLIC_REPRESENTATION_SPECIFIC,STABLE,STABLE,DIRECT,UNRESOLVED_NOT_CLAIMED,FALSE,PROTOCOL_DEVIATION_BOUNDED_23
GWTC-4.1:S231113cp,H1,PUBLIC_REPRESENTATION_SPECIFIC,STABLE,STABLE,DIRECT,UNRESOLVED_NOT_CLAIMED,FALSE,PROTOCOL_DEVIATION_BOUNDED_23
GWTC-4.1:S231113cp,L1,PUBLIC_REPRESENTATION_SPECIFIC,STABLE,STABLE,DIRECT,UNRESOLVED_NOT_CLAIMED,FALSE,PROTOCOL_DEVIATION_BOUNDED_23
GWTC-4.1:S231206cn,H1,PUBLIC_REPRESENTATION_SPECIFIC,STABLE,STABLE,DIRECT,UNRESOLVED_NOT_CLAIMED,FALSE,PROTOCOL_DEVIATION_BOUNDED_23
GWTC-4.1:S231206cn,L1,PUBLIC_REPRESENTATION_SPECIFIC,STABLE,STABLE,DIRECT,UNRESOLVED_NOT_CLAIMED,FALSE,PROTOCOL_DEVIATION_BOUNDED_23
PAIR:S230606z,H1,PUBLIC_REPRESENTATION_SPECIFIC,STABLE,STABLE,DIRECT,UNRESOLVED_NOT_CLAIMED,FALSE,PROTOCOL_DEVIATION_BOUNDED_23
PAIR:S230606z,L1,PUBLIC_REPRESENTATION_SPECIFIC,STABLE,STABLE,DIRECT,UNRESOLVED_NOT_CLAIMED,FALSE,PROTOCOL_DEVIATION_BOUNDED_23
PAIR:S230630bu,H1,PUBLIC_REPRESENTATION_SPECIFIC,STABLE,STABLE,DIRECT,UNRESOLVED_NOT_CLAIMED,FALSE,PROTOCOL_DEVIATION_BOUNDED_23
PAIR:S230630bu,L1,PUBLIC_REPRESENTATION_SPECIFIC,STABLE,STABLE,DIRECT,UNRESOLVED_NOT_CLAIMED,FALSE,PROTOCOL_DEVIATION_BOUNDED_23
PAIR:S230709ac,H1,PUBLIC_REPRESENTATION_SPECIFIC,STABLE,STABLE,DIRECT,UNRESOLVED_NOT_CLAIMED,FALSE,PROTOCOL_DEVIATION_BOUNDED_23
PAIR:S230709ac,L1,PUBLIC_REPRESENTATION_SPECIFIC,STABLE,STABLE,DIRECT,UNRESOLVED_NOT_CLAIMED,FALSE,PROTOCOL_DEVIATION_BOUNDED_23
PAIR:S230720aq,H1,PUBLIC_REPRESENTATION_SPECIFIC,STABLE,STABLE,DIRECT,UNRESOLVED_NOT_CLAIMED,FALSE,PROTOCOL_DEVIATION_BOUNDED_23
PAIR:S230720aq,L1,CALIBRATION_LIMITED,STABLE,STABLE,DIRECT,UNRESOLVED_NOT_CLAIMED,FALSE,PROTOCOL_DEVIATION_BOUNDED_23
PAIR:S230830ba,L1,CALIBRATION_LIMITED,STABLE,STABLE,DIRECT,UNRESOLVED_NOT_CLAIMED,FALSE,PROTOCOL_DEVIATION_BOUNDED_23
PAIR:S230831e,H1,PUBLIC_REPRESENTATION_SPECIFIC,STABLE,STABLE,DIRECT,UNRESOLVED_NOT_CLAIMED,FALSE,PROTOCOL_DEVIATION_BOUNDED_23
PAIR:S230831e,L1,PUBLIC_REPRESENTATION_SPECIFIC,STABLE,STABLE,DIRECT,UNRESOLVED_NOT_CLAIMED,FALSE,PROTOCOL_DEVIATION_BOUNDED_23
PAIR:S230902af,H1,PUBLIC_REPRESENTATION_SPECIFIC,STABLE,STABLE,DIRECT,UNRESOLVED_NOT_CLAIMED,FALSE,PROTOCOL_DEVIATION_BOUNDED_23
PAIR:S230902af,L1,PUBLIC_REPRESENTATION_SPECIFIC,STABLE,STABLE,DIRECT,UNRESOLVED_NOT_CLAIMED,FALSE,PROTOCOL_DEVIATION_BOUNDED_23
PAIR:S231025ap,H1,PUBLIC_REPRESENTATION_SPECIFIC,STABLE,STABLE,DIRECT,UNRESOLVED_NOT_CLAIMED,FALSE,PROTOCOL_DEVIATION_BOUNDED_23
PAIR:S231025ap,L1,PUBLIC_REPRESENTATION_SPECIFIC,STABLE,STABLE,DIRECT,UNRESOLVED_NOT_CLAIMED,FALSE,PROTOCOL_DEVIATION_BOUNDED_23
PAIR:S231108u,H1,PUBLIC_REPRESENTATION_SPECIFIC,STABLE,STABLE,DIRECT,UNRESOLVED_NOT_CLAIMED,FALSE,PROTOCOL_DEVIATION_BOUNDED_23
PAIR:S231108u,L1,PUBLIC_REPRESENTATION_SPECIFIC,STABLE,STABLE,DIRECT,UNRESOLVED_NOT_CLAIMED,FALSE,PROTOCOL_DEVIATION_BOUNDED_23
PAIR:S231127ag,H1,PUBLIC_REPRESENTATION_SPECIFIC,STABLE,WINDOW_SENSITIVE,DIRECT,UNRESOLVED_NOT_CLAIMED,FALSE,PROTOCOL_DEVIATION_BOUNDED_23
PAIR:S231127ag,L1,PUBLIC_REPRESENTATION_SPECIFIC,STABLE,STABLE,DIRECT,UNRESOLVED_NOT_CLAIMED,FALSE,PROTOCOL_DEVIATION_BOUNDED_23
PAIR:S231206c,H1,PUBLIC_REPRESENTATION_SPECIFIC,STABLE,STABLE,DIRECT,UNRESOLVED_NOT_CLAIMED,FALSE,PROTOCOL_DEVIATION_BOUNDED_23
PAIR:S231206c,L1,PUBLIC_REPRESENTATION_SPECIFIC,STABLE,STABLE,DIRECT,UNRESOLVED_NOT_CLAIMED,FALSE,PROTOCOL_DEVIATION_BOUNDED_23
PAIR:S231221ax,H1,PUBLIC_REPRESENTATION_SPECIFIC,STABLE,STABLE,DIRECT,UNRESOLVED_NOT_CLAIMED,FALSE,PROTOCOL_DEVIATION_BOUNDED_23
PAIR:S231221ax,L1,PUBLIC_REPRESENTATION_SPECIFIC,STABLE,STABLE,DIRECT,UNRESOLVED_NOT_CLAIMED,FALSE,PROTOCOL_DEVIATION_BOUNDED_23
PAIR:S231223bg,H1,PUBLIC_REPRESENTATION_SPECIFIC,STABLE,STABLE,DIRECT,UNRESOLVED_NOT_CLAIMED,FALSE,PROTOCOL_DEVIATION_BOUNDED_23
