screen_rank_descending,screen_rank_ascending,screen_percentile,screen_tier,event,stratum,median_max_pair_s90,top_summary_driver_parameter,top_summary_driver_max_pair_s90,top_summary_driver_median_pair_s90,size_bytes,filename,content_url,direct_posterior_audit_status,median_posterior_model_norm_W1,median_balanced_observed_W1,CLEAR_ABOVE_NULL,posterior_value_estimated_for_unaudited,interpretation
1,31,1.0,SCREEN_TIER_A,GW230825_041334,Q4_HIGH,0.2087676235693899,final_mass_source,0.2619340858433161,0.2016559725692377,234654040,IGWN-GWTC4p0-38214bd95_724-GW230825_041334-combined_PEDataRelease.hdf5,https://zenodo.org/api/records/17602505/files/IGWN-GWTC4p0-38214bd95_724-GW230825_041334-combined_PEDataRelease.hdf5/content,AUDITED_PRIORITY_RUN23,0.1103546505161801,0.1116049329222937,21.0,False,Direct targeted posterior audit available; selected from screen rank 1
2,30,0.967741935483871,AUDITED_HOLDOUT,GW230928_215827,Q4_HIGH,0.1986234525242127,luminosity_distance,0.2566824536344624,0.2089333575289555,165859244,IGWN-GWTC4p0-38214bd95_724-GW230928_215827-combined_PEDataRelease.hdf5,https://zenodo.org/api/records/17602505/files/IGWN-GWTC4p0-38214bd95_724-GW230928_215827-combined_PEDataRelease.hdf5/content,AUDITED_HOLDOUT,0.0967734811380001,0.0983918674496797,19.0,False,Direct posterior holdout result available
3,29,0.935483870967742,SCREEN_TIER_A,GW231206_233901,Q4_HIGH,0.1908740052593957,chi_eff,0.2930888582777314,0.214535977768234,189649148,IGWN-GWTC4p0-38214bd95_724-GW231206_233901-combined_PEDataRelease.hdf5,https://zenodo.org/api/records/17602505/files/IGWN-GWTC4p0-38214bd95_724-GW231206_233901-combined_PEDataRelease.hdf5/content,AUDITED_PRIORITY_RUN24,0.1242585817538777,0.1255423185404411,20.0,False,Direct targeted posterior audit available; selected as highest-ranked unaudited event after RUN23
4,28,0.9032258064516128,SCREEN_TIER_A,GW231206_233134,Q4_HIGH,0.1312999842669179,chirp_mass_source,0.1845228061429672,0.1070564859228758,131615660,IGWN-GWTC4p0-38214bd95_724-GW231206_233134-combined_PEDataRelease.hdf5,https://zenodo.org/api/records/17602505/files/IGWN-GWTC4p0-38214bd95_724-GW231206_233134-combined_PEDataRelease.hdf5/content,AUDITED_PRIORITY_RUN25,0.0874465151219338,0.0876825906099574,17.0,False,Direct targeted posterior audit available; selected as highest-ranked unaudited event after RUN24
5,27,0.8709677419354839,AUDITED_HOLDOUT,GW230805_034249,Q4_HIGH,0.1307566697447743,mass_1_source,0.2155919545106893,0.1867275043034155,134444012,IGWN-GWTC4p0-38214bd95_724-GW230805_034249-combined_PEDataRelease.hdf5,https://zenodo.org/api/records/17602505/files/IGWN-GWTC4p0-38214bd95_724-GW230805_034249-combined_PEDataRelease.hdf5/content,AUDITED_HOLDOUT,0.0974332273778903,0.0987010229249909,18.0,False,Direct posterior holdout result available
6,26,0.8387096774193549,SCREEN_TIER_A,GW230702_185453,Q4_HIGH,0.1207112997500066,mass_2_source,0.2818388986039176,0.2415214093196339,149600052,IGWN-GWTC4p0-38214bd95_724-GW230702_185453-combined_PEDataRelease.hdf5,https://zenodo.org/api/records/17602505/files/IGWN-GWTC4p0-38214bd95_724-GW230702_185453-combined_PEDataRelease.hdf5/content,AUDITED_PRIORITY_RUN26,0.097602347691089,0.0997338252976219,19.0,False,Direct targeted posterior audit available; selected as highest-ranked unaudited event after RUN25
7,25,0.8064516129032258,SCREEN_TIER_A,GW230628_231200,Q4_HIGH,0.117097505931161,final_spin,0.1921966831192538,0.1712452767569298,159650500,IGWN-GWTC4p0-38214bd95_724-GW230628_231200-combined_PEDataRelease.hdf5,https://zenodo.org/api/records/17602505/files/IGWN-GWTC4p0-38214bd95_724-GW230628_231200-combined_PEDataRelease.hdf5/content,AUDITED_PRIORITY_RUN27,0.0937614396828144,0.0954414357076102,20.0,False,Direct targeted posterior audit available; selected as highest-ranked unaudited event after RUN26
8,24,0.7741935483870968,SCREEN_TIER_B,GW230630_125806,Q4_HIGH,0.1083931893552047,final_spin,0.1942950053375519,0.1106817141802895,133330396,IGWN-GWTC4p0-38214bd95_724-GW230630_125806-combined_PEDataRelease.hdf5,https://zenodo.org/api/records/17602505/files/IGWN-GWTC4p0-38214bd95_724-GW230630_125806-combined_PEDataRelease.hdf5/content,AUDITED_TIER_B_BOUNDARY_RUN29,0.0679938600341517,0.0691613609210342,16.0,False,Direct Tier B boundary audit available; upper-boundary case frozen in RUN28
9,23,0.7419354838709677,SCREEN_TIER_B,GW230814_230901,Q3_HIGHMID,0.0995659014609101,luminosity_distance,0.1269338183809746,0.1030002538009838,140070632,IGWN-GWTC4p0-38214bd95_724-GW230814_230901-combined_PEDataRelease.hdf5,https://zenodo.org/api/records/17602505/files/IGWN-GWTC4p0-38214bd95_724-GW230814_230901-combined_PEDataRelease.hdf5/content,UNAUDITED,,,,False,Intermediate-priority unaudited event
10,22,0.7096774193548387,SCREEN_TIER_B,GW230708_230935,Q3_HIGHMID,0.0842585057313113,final_spin,0.1167031255276562,0.0962808920168242,205603600,IGWN-GWTC4p0-38214bd95_724-GW230708_230935-combined_PEDataRelease.hdf5,https://zenodo.org/api/records/17602505/files/IGWN-GWTC4p0-38214bd95_724-GW230708_230935-combined_PEDataRelease.hdf5/content,UNAUDITED,,,,False,Intermediate-priority unaudited event
11,21,0.6774193548387096,SCREEN_TIER_B,GW230922_040658,Q3_HIGHMID,0.0798910566777001,mass_2_source,0.1349355086087033,0.0697780361051522,132867268,IGWN-GWTC4p0-38214bd95_724-GW230922_040658-combined_PEDataRelease.hdf5,https://zenodo.org/api/records/17602505/files/IGWN-GWTC4p0-38214bd95_724-GW230922_040658-combined_PEDataRelease.hdf5/content,UNAUDITED,,,,False,Intermediate-priority unaudited event
12,20,0.6451612903225806,SCREEN_TIER_B,GW230811_032116,Q3_HIGHMID,0.0752351399486632,mass_2_source,0.1204231449510707,0.0603032992360975,209489644,IGWN-GWTC4p0-38214bd95_724-GW230811_032116-combined_PEDataRelease.hdf5,https://zenodo.org/api/records/17602505/files/IGWN-GWTC4p0-38214bd95_724-GW230811_032116-combined_PEDataRelease.hdf5/content,UNAUDITED,,,,False,Intermediate-priority unaudited event
13,19,0.6129032258064516,SCREEN_TIER_B,GW230708_053705,Q3_HIGHMID,0.073489147497078,final_spin,0.1322383570448566,0.1221378882038656,196962708,IGWN-GWTC4p0-38214bd95_724-GW230708_053705-combined_PEDataRelease.hdf5,https://zenodo.org/api/records/17602505/files/IGWN-GWTC4p0-38214bd95_724-GW230708_053705-combined_PEDataRelease.hdf5/content,AUDITED_TIER_B_BOUNDARY_RUN30,0.0532214101690202,0.0559302282300244,11.0,False,Direct Tier B boundary audit available; lower-boundary case frozen in RUN28
14,18,0.5806451612903226,AUDITED_HOLDOUT,GW231008_142521,Q3_HIGHMID,0.0725818774698838,mass_1_source,0.1009708004646462,0.0630453066491964,151337612,IGWN-GWTC4p0-38214bd95_724-GW231008_142521-combined_PEDataRelease.hdf5,https://zenodo.org/api/records/17602505/files/IGWN-GWTC4p0-38214bd95_724-GW231008_142521-combined_PEDataRelease.hdf5/content,AUDITED_HOLDOUT,0.0693443843681366,0.0677272586510181,15.0,False,Direct posterior holdout result available
15,17,0.5483870967741935,AUDITED_HOLDOUT,GW230707_124047,Q3_HIGHMID,0.0725545659149325,final_spin,0.1281805857377448,0.0800677682044872,123326020,IGWN-GWTC4p0-38214bd95_724-GW230707_124047-combined_PEDataRelease.hdf5,https://zenodo.org/api/records/17602505/files/IGWN-GWTC4p0-38214bd95_724-GW230707_124047-combined_PEDataRelease.hdf5/content,AUDITED_HOLDOUT,0.0692948751120427,0.0699163515878779,15.0,False,Direct posterior holdout result available
16,16,0.5161290322580645,AUDITED_HOLDOUT,GW230920_071124,Q2_LOWMID,0.063795844869374,chirp_mass_source,0.0806401611865244,0.0552964281261771,127739892,IGWN-GWTC4p0-38214bd95_724-GW230920_071124-combined_PEDataRelease.hdf5,https://zenodo.org/api/records/17602505/files/IGWN-GWTC4p0-38214bd95_724-GW230920_071124-combined_PEDataRelease.hdf5/content,AUDITED_HOLDOUT,0.0466018179182317,0.0464173123142133,12.0,False,Direct posterior holdout result available
17,15,0.4838709677419355,SCREEN_TIER_C,GW231118_071402,Q2_LOWMID,0.0512736080685753,final_spin,0.124414083447662,0.0627637085734523,224871880,IGWN-GWTC4p0-38214bd95_724-GW231118_071402-combined_PEDataRelease.hdf5,https://zenodo.org/api/records/17602505/files/IGWN-GWTC4p0-38214bd95_724-GW231118_071402-combined_PEDataRelease.hdf5/content,UNAUDITED,,,,False,Lower-priority unaudited event within the eligible frame
18,14,0.4516129032258064,SCREEN_TIER_C,GW231005_091549,Q2_LOWMID,0.0458527569294786,luminosity_distance,0.0646368826489704,0.0548133897558849,131475596,IGWN-GWTC4p0-38214bd95_724-GW231005_091549-combined_PEDataRelease.hdf5,https://zenodo.org/api/records/17602505/files/IGWN-GWTC4p0-38214bd95_724-GW231005_091549-combined_PEDataRelease.hdf5/content,UNAUDITED,,,,False,Lower-priority unaudited event within the eligible frame
19,13,0.4193548387096774,SCREEN_TIER_C,GW231223_032836,Q2_LOWMID,0.0423605760473446,mass_1_source,0.093940009894548,0.0848240069603264,135835308,IGWN-GWTC4p0-38214bd95_724-GW231223_032836-combined_PEDataRelease.hdf5,https://zenodo.org/api/records/17602505/files/IGWN-GWTC4p0-38214bd95_724-GW231223_032836-combined_PEDataRelease.hdf5/content,UNAUDITED,,,,False,Lower-priority unaudited event within the eligible frame
20,12,0.3870967741935484,AUDITED_HOLDOUT,GW230704_021211,Q2_LOWMID,0.040032941053011,mass_2_source,0.0821554288002112,0.0790855745682413,205810816,IGWN-GWTC4p0-38214bd95_724-GW230704_021211-combined_PEDataRelease.hdf5,https://zenodo.org/api/records/17602505/files/IGWN-GWTC4p0-38214bd95_724-GW230704_021211-combined_PEDataRelease.hdf5/content,AUDITED_HOLDOUT,0.0307458296706805,0.0348305624998219,4.0,False,Direct posterior holdout result available
21,11,0.3548387096774194,SCREEN_TIER_C,GW230709_122727,Q2_LOWMID,0.0389388031606505,final_spin,0.0925461644116339,0.0563575622336857,176977628,IGWN-GWTC4p0-38214bd95_724-GW230709_122727-combined_PEDataRelease.hdf5,https://zenodo.org/api/records/17602505/files/IGWN-GWTC4p0-38214bd95_724-GW230709_122727-combined_PEDataRelease.hdf5/content,UNAUDITED,,,,False,Lower-priority unaudited event within the eligible frame
22,10,0.3225806451612903,SCREEN_TIER_C,GW231213_111417,Q2_LOWMID,0.0380646828170854,final_spin,0.1671627189839898,0.0872601619752601,134674684,IGWN-GWTC4p0-38214bd95_724-GW231213_111417-combined_PEDataRelease.hdf5,https://zenodo.org/api/records/17602505/files/IGWN-GWTC4p0-38214bd95_724-GW231213_111417-combined_PEDataRelease.hdf5/content,UNAUDITED,,,,False,Lower-priority unaudited event within the eligible frame
23,9,0.2903225806451613,SCREEN_TIER_C,GW230601_224134,Q2_LOWMID,0.03371230486142,mass_2_source,0.0545316059598028,0.0423916481293418,208421000,IGWN-GWTC4p0-38214bd95_724-GW230601_224134-combined_PEDataRelease.hdf5,https://zenodo.org/api/records/17602505/files/IGWN-GWTC4p0-38214bd95_724-GW230601_224134-combined_PEDataRelease.hdf5/content,UNAUDITED,,,,False,Lower-priority unaudited event within the eligible frame
24,8,0.2580645161290322,SCREEN_TIER_C,GW230726_002940,Q1_LOW,0.0325098870698764,final_spin,0.1163579413564038,0.0882875636405862,74569324,IGWN-GWTC4p0-38214bd95_724-GW230726_002940-combined_PEDataRelease.hdf5,https://zenodo.org/api/records/17602505/files/IGWN-GWTC4p0-38214bd95_724-GW230726_002940-combined_PEDataRelease.hdf5/content,UNAUDITED,,,,False,Lower-priority unaudited event within the eligible frame
25,7,0.2258064516129032,AUDITED_HOLDOUT,GW230824_033047,Q1_LOW,0.0296124943424897,final_spin,0.0806388744714247,0.0432329105957576,124494540,IGWN-GWTC4p0-38214bd95_724-GW230824_033047-combined_PEDataRelease.hdf5,https://zenodo.org/api/records/17602505/files/IGWN-GWTC4p0-38214bd95_724-GW230824_033047-combined_PEDataRelease.hdf5/content,AUDITED_HOLDOUT,0.0320780259083462,0.0336698146208625,7.0,False,Direct posterior holdout result available
26,6,0.1935483870967742,SCREEN_TIER_C,GW230930_110730,Q1_LOW,0.0281308982607199,final_spin,0.0652051301643713,0.0398465847642622,121362316,IGWN-GWTC4p0-38214bd95_724-GW230930_110730-combined_PEDataRelease.hdf5,https://zenodo.org/api/records/17602505/files/IGWN-GWTC4p0-38214bd95_724-GW230930_110730-combined_PEDataRelease.hdf5/content,UNAUDITED,,,,False,Lower-priority unaudited event within the eligible frame
27,5,0.1612903225806451,AUDITED_HOLDOUT,GW230806_204041,Q1_LOW,0.027842305359421,final_spin,0.1053223414991198,0.0570770066130716,128897268,IGWN-GWTC4p0-38214bd95_724-GW230806_204041-combined_PEDataRelease.hdf5,https://zenodo.org/api/records/17602505/files/IGWN-GWTC4p0-38214bd95_724-GW230806_204041-combined_PEDataRelease.hdf5/content,AUDITED_HOLDOUT,0.0241205504664399,0.027386228320523,6.0,False,Direct posterior holdout result available
28,4,0.1290322580645161,SCREEN_TIER_C,GW231127_165300,Q1_LOW,0.0259934667739918,mass_1_source,0.0670722899383067,0.0542249536824758,125439756,IGWN-GWTC4p0-38214bd95_724-GW231127_165300-combined_PEDataRelease.hdf5,https://zenodo.org/api/records/17602505/files/IGWN-GWTC4p0-38214bd95_724-GW231127_165300-combined_PEDataRelease.hdf5/content,UNAUDITED,,,,False,Lower-priority unaudited event within the eligible frame
29,3,0.0967741935483871,SCREEN_TIER_C,GW231119_075248,Q1_LOW,0.0213495263781669,final_spin,0.0565210934380726,0.0443220206164157,113668396,IGWN-GWTC4p0-38214bd95_724-GW231119_075248-combined_PEDataRelease.hdf5,https://zenodo.org/api/records/17602505/files/IGWN-GWTC4p0-38214bd95_724-GW231119_075248-combined_PEDataRelease.hdf5/content,UNAUDITED,,,,False,Lower-priority unaudited event within the eligible frame
30,2,0.064516129032258,SCREEN_TIER_C,GW230608_205047,Q1_LOW,0.0183703216405646,final_spin,0.0884990746074742,0.0609343583846017,139143156,IGWN-GWTC4p0-38214bd95_724-GW230608_205047-combined_PEDataRelease.hdf5,https://zenodo.org/api/records/17602505/files/IGWN-GWTC4p0-38214bd95_724-GW230608_205047-combined_PEDataRelease.hdf5/content,UNAUDITED,,,,False,Lower-priority unaudited event within the eligible frame
31,1,0.032258064516129,SCREEN_TIER_C,GW230609_064958,Q1_LOW,0.0172921065165027,chi_eff,0.0802520590063125,0.0593810854297761,169252900,IGWN-GWTC4p0-38214bd95_724-GW230609_064958-combined_PEDataRelease.hdf5,https://zenodo.org/api/records/17602505/files/IGWN-GWTC4p0-38214bd95_724-GW230609_064958-combined_PEDataRelease.hdf5/content,UNAUDITED,,,,False,Lower-priority unaudited event within the eligible frame
